Country Name;1960.0;1961.0;1962.0;1963.0;1964.0;1965.0;1966.0;1967.0;1968.0;1969.0;1970.0;1971.0;1972.0;1973.0;1974.0;1975.0;1976.0;1977.0;1978.0;1979.0;1980.0;1981.0;1982.0;1983.0;1984.0;1985.0;1986.0;1987.0;1988.0;1989.0;1990.0;1991.0;1992.0;1993.0;1994.0;1995.0;1996.0;1997.0;1998.0;1999.0;2000.0;2001.0;2002.0;2003.0;2004.0;2005.0;2006.0;2007.0;2008.0;2009.0;2010.0;2011.0;2012.0;2013.0;2014.0;2015.0;2016.0;2017.0;2018.0;2019.0;2020.0;2021.0
Aruba;64.15;64.54;64.75;65.13;65.29;65.5;66.06;66.44;66.76;67.17;67.58;67.97;68.58;69.09;69.5;69.76;70.03;70.26;70.49;70.78;71.07;71.72;71.96;72.11;72.25;72.39;72.46;72.79;73.05;73.02;73.08;73.1;73.18;73.22;73.27;73.35;73.45;73.45;73.49;73.56;73.57;73.65;73.73;73.75;73.58;73.81;74.03;74.21;74.15;74.56;75.4;75.47;75.53;75.64;75.6;75.68;75.62;75.9;76.07;76.25;75.72;74.63
Africa Eastern and Southern;44.09;44.39;44.75;44.91;45.48;45.5;45.25;45.92;46.22;46.43;46.72;47.19;46.9;47.69;47.6;47.76;48.35;48.64;48.76;49.26;49.64;50.06;50.3;48.7;48.65;49.01;49.64;50.08;49.36;50.68;50.61;50.39;49.96;50.27;50.88;51.0;50.81;50.97;50.33;51.24;51.96;52.19;52.54;53.02;53.55;54.22;55.15;55.93;56.68;57.62;58.41;59.29;60.05;60.71;61.34;61.86;62.44;62.92;63.37;63.76;63.31;62.45
Afghanistan;32.53;33.07;33.55;34.02;34.49;34.95;35.45;35.92;36.42;36.91;37.42;37.92;38.44;39.0;39.55;40.1;40.65;41.23;40.27;39.09;39.62;40.16;37.77;38.19;33.33;33.55;39.4;39.84;43.96;45.16;45.97;46.66;47.6;51.47;51.49;52.54;53.24;53.63;52.94;54.85;55.3;55.8;56.45;57.34;57.94;58.36;58.68;59.11;59.85;60.36;60.85;61.42;61.92;62.42;62.55;62.66;63.14;63.02;63.08;63.56;62.58;61.98
Africa Western and Central;37.85;38.16;38.74;39.06;39.34;39.62;39.84;39.47;40.09;40.35;41.03;41.56;42.25;42.86;43.5;44.2;45.0;45.72;46.27;46.67;47.02;47.3;47.53;47.79;47.93;48.02;48.07;48.24;48.51;48.69;48.65;48.66;48.74;48.83;48.68;48.78;48.91;49.08;49.33;49.75;50.22;50.57;50.93;51.4;51.82;52.34;52.83;53.25;53.64;54.16;54.55;55.01;55.34;55.67;55.92;56.2;56.58;56.89;57.19;57.56;57.23;56.99
Angola;38.21;37.27;37.54;37.82;38.13;38.49;38.76;39.09;39.48;39.83;40.19;40.55;40.91;41.27;41.65;41.19;41.16;41.44;41.83;42.17;42.45;42.77;43.05;42.09;42.35;42.65;42.84;40.92;41.55;41.77;41.89;43.81;42.21;42.1;43.42;45.85;46.03;46.31;45.06;45.39;46.02;46.59;47.39;49.62;50.59;51.57;52.37;53.64;54.63;55.75;56.73;57.6;58.62;59.31;60.04;60.66;61.09;61.68;62.14;62.45;62.26;61.64
Albania;54.44;55.63;56.67;57.84;58.98;60.02;61.0;61.97;62.95;63.92;64.82;65.62;66.42;67.14;67.77;68.33;68.7;69.12;69.31;69.58;70.48;70.73;71.02;71.3;71.5;71.66;71.95;72.35;72.64;72.88;73.14;73.38;73.72;73.94;74.13;74.36;74.59;73.9;74.99;75.18;75.4;75.64;75.89;76.14;76.38;76.62;76.82;77.55;77.65;77.78;77.94;78.09;78.06;78.12;78.41;78.64;78.86;79.05;79.18;79.28;76.99;76.46
Andorra;;;;;;;;;;;;;;;;;;;;;;;;;;;;;;;;;;;;;;;;;;;;;;;;;;;;;;;;;;;;;;
Arab World;44.97;45.68;46.12;46.97;47.9;48.23;48.46;48.91;49.45;49.82;50.35;51.3;51.86;52.54;53.19;53.71;54.05;55.36;56.11;56.83;57.3;57.69;58.05;58.79;59.48;60.22;61.22;61.17;60.61;62.48;62.93;63.18;63.47;64.46;65.5;65.35;65.72;65.99;65.81;66.88;67.3;67.63;67.94;67.86;67.9;68.16;68.57;68.93;69.29;69.81;70.04;70.26;70.18;70.2;70.49;70.76;70.94;71.43;71.63;71.84;70.92;70.81
United Arab Emirates;48.81;49.7;50.69;51.58;52.85;53.98;55.19;56.34;57.54;58.76;60.02;61.21;62.3;63.35;64.34;65.08;65.82;66.51;67.21;67.85;68.53;69.08;69.66;69.95;70.48;70.75;70.96;71.49;71.61;71.76;71.9;72.24;72.31;72.52;72.6;72.69;72.77;72.94;73.07;73.67;74.38;74.64;74.9;76.22;76.45;76.68;76.91;77.13;77.49;78.0;78.33;78.52;78.72;78.85;79.04;79.22;79.33;79.5;79.63;79.73;78.95;78.71
Argentina;63.98;64.36;64.24;64.45;64.36;64.59;64.89;64.99;64.89;64.86;65.59;65.54;65.92;66.32;66.56;67.08;67.23;67.86;68.2;68.49;68.56;68.98;68.94;69.27;69.19;69.65;70.12;70.56;71.05;71.42;71.78;72.32;72.43;72.56;73.17;73.13;73.31;73.09;73.47;73.72;73.93;74.19;74.41;74.08;74.86;75.14;75.43;75.01;75.64;75.94;75.72;76.12;76.47;76.49;76.75;76.76;76.31;76.83;77.0;77.28;75.89;75.39
Armenia;61.43;61.8;62.12;62.22;62.42;62.75;62.95;63.21;63.33;63.66;63.87;64.21;64.53;64.61;64.83;64.96;65.16;65.36;65.7;66.04;66.18;66.58;66.89;67.19;67.51;67.93;68.18;68.09;53.9;68.7;68.82;68.64;68.63;68.84;69.07;69.31;69.78;69.91;70.51;70.26;70.62;70.93;71.02;71.44;71.42;71.79;71.99;72.33;72.4;72.81;73.16;73.31;73.45;73.68;74.06;74.44;74.66;74.91;75.06;75.44;72.17;72.04
American Samoa;;;;;;;;;;;;;;;;;;;;;;;;;;;;;;;;;;;;;;;;;;;;;;;;;;;;;;;;;;;;;;
Antigua and Barbuda;61.55;62.36;63.19;64.1;65.06;66.03;66.96;67.86;68.67;69.53;70.06;70.68;71.02;71.35;71.75;71.98;72.36;72.55;72.87;73.03;73.18;73.34;73.46;73.47;73.52;73.57;73.56;73.55;73.53;73.42;73.49;73.44;73.42;73.48;73.59;73.64;73.83;73.96;74.04;74.35;74.61;75.08;75.54;75.48;75.67;75.83;75.77;76.13;76.41;76.67;76.82;77.1;77.35;77.58;77.86;77.91;78.15;78.27;78.51;78.69;78.84;78.5
Australia;70.82;70.97;70.94;70.91;70.88;70.85;70.82;70.87;70.92;70.97;71.02;71.07;71.46;71.85;72.24;72.63;73.01;73.34;73.67;74.0;74.33;74.66;74.9;75.15;75.39;75.63;75.87;76.15;76.43;76.71;76.99;77.28;77.38;77.88;77.88;77.83;78.08;78.48;78.63;78.93;79.23;79.63;79.94;80.24;80.49;80.84;81.04;81.29;81.4;81.54;81.7;81.9;82.05;82.15;82.3;82.4;82.45;82.5;82.75;82.9;83.2;83.3
Austria;68.59;69.58;69.31;69.44;69.92;69.72;70.05;69.92;70.06;69.83;69.91;70.11;70.46;71.01;71.01;71.11;71.57;71.91;72.01;72.31;72.46;72.81;72.96;73.01;73.61;73.81;74.32;74.77;75.22;75.27;75.57;75.62;75.82;76.07;76.42;76.67;76.87;77.32;77.67;77.88;78.13;78.58;78.68;78.63;79.18;79.33;79.88;80.18;80.43;80.33;80.58;80.98;80.94;81.14;81.49;81.19;81.64;81.64;81.69;81.9;81.19;81.24
Azerbaijan;55.84;56.19;56.52;56.9;57.2;57.62;57.67;57.97;58.37;58.6;59.02;59.35;59.8;60.05;60.23;60.34;60.52;60.63;60.71;60.87;61.08;61.29;61.45;61.96;61.96;62.09;62.19;62.57;62.73;62.58;62.35;62.05;61.3;61.29;61.59;62.3;62.62;62.97;63.56;64.19;64.89;65.51;66.24;66.76;67.35;67.56;68.17;68.6;68.81;69.36;69.53;69.98;70.36;70.88;71.12;71.45;72.0;72.25;72.76;73.1;66.87;69.37
Burundi;43.02;43.25;43.44;43.72;43.97;42.01;43.53;43.34;43.38;42.87;43.04;42.97;25.61;37.27;43.01;42.98;43.14;43.51;43.76;44.59;45.41;46.39;47.29;48.05;48.49;48.54;48.16;47.52;43.04;45.62;44.86;44.23;43.9;37.1;44.08;44.06;44.37;45.39;46.55;47.53;47.51;48.43;49.89;50.86;52.01;53.02;53.87;54.73;55.71;56.39;57.08;57.77;58.49;59.23;59.87;60.22;60.79;61.55;61.69;62.35;61.57;61.66
Belgium;69.7;70.52;70.22;70.05;70.76;70.63;70.71;71.01;70.69;70.76;70.97;71.06;71.41;71.64;71.99;71.97;72.12;72.77;72.7;73.19;73.21;73.62;73.89;73.87;74.4;74.52;74.73;75.37;75.57;75.63;76.05;76.19;76.35;76.35;76.69;76.84;77.19;77.37;77.47;77.62;77.72;77.97;78.08;78.13;78.88;78.98;79.38;79.78;79.68;80.03;80.18;80.59;80.39;80.59;81.29;80.99;81.44;81.49;81.6;82.0;80.7;81.89
Benin;38.18;38.54;38.93;39.33;39.76;40.18;40.65;41.05;41.52;41.85;42.19;42.58;43.16;43.6;44.09;44.68;45.49;46.18;46.96;47.36;47.88;48.31;48.81;49.33;49.75;50.37;51.08;51.66;52.29;52.68;53.29;53.62;54.09;54.54;54.91;55.3;55.56;55.98;56.22;56.53;56.58;56.66;56.61;56.74;56.83;57.12;57.46;57.67;57.87;57.96;58.36;58.46;58.72;58.97;59.12;59.38;59.54;59.86;60.14;60.45;60.09;59.82
Burkina Faso;35.87;36.24;36.66;36.97;37.25;37.69;37.92;38.29;38.53;38.86;39.24;39.56;40.05;40.55;41.35;42.31;43.24;44.15;45.07;45.9;46.54;46.87;47.6;48.09;48.64;48.95;49.01;49.06;49.13;49.17;49.44;49.45;49.44;49.21;49.31;49.45;49.61;49.4;49.99;50.33;50.85;51.07;51.27;51.79;52.42;53.09;53.74;54.38;55.34;55.96;56.48;57.12;57.62;57.82;58.36;58.84;59.33;59.54;60.05;60.04;59.73;59.27
Bangladesh;44.74;45.66;46.7;46.66;47.74;46.86;48.58;48.87;49.09;49.17;42.59;26.0;49.59;49.83;49.16;50.29;50.65;51.2;51.25;51.46;51.85;52.17;52.54;53.01;53.54;53.9;54.41;54.93;55.03;55.09;55.99;54.15;57.63;57.93;58.62;59.47;59.49;61.43;63.92;66.23;65.78;66.14;66.61;66.82;67.19;67.3;67.24;66.71;67.05;67.4;68.64;68.81;69.55;69.56;69.99;70.49;71.09;71.79;72.57;72.81;71.97;72.38
Bulgaria;69.25;70.2;69.49;70.31;71.12;71.29;71.22;70.41;71.23;70.43;71.26;70.87;70.9;71.34;71.21;71.05;71.39;70.82;71.18;71.31;71.16;71.57;71.19;71.39;71.5;71.23;71.73;71.53;71.6;71.72;71.64;71.56;71.49;71.35;71.21;71.05;70.9;70.35;71.06;71.41;71.66;71.77;71.87;72.07;72.56;72.56;72.61;72.66;72.96;73.41;73.51;74.16;74.31;74.86;74.47;74.61;74.81;74.81;74.96;75.11;73.66;71.51
Bahrain;50.33;52.11;53.7;55.28;56.78;58.23;59.66;61.0;62.31;63.48;64.45;65.61;66.37;67.18;67.86;68.47;69.12;69.6;69.98;70.46;70.83;71.18;71.47;71.67;72.01;72.11;72.27;72.37;72.44;72.62;72.67;72.76;72.95;73.38;73.52;73.8;74.36;74.53;74.64;74.98;75.5;75.91;76.09;76.34;76.56;76.93;77.16;77.63;78.08;78.46;78.75;78.89;79.08;79.25;79.33;79.41;79.56;79.69;79.86;80.02;79.17;78.76
Bahamas, The;62.9;63.19;63.43;63.73;64.05;64.36;64.66;64.95;65.33;65.65;65.93;66.15;66.41;66.49;67.0;67.22;67.84;67.88;67.56;67.37;67.52;67.75;68.44;69.16;69.35;69.26;69.28;68.92;69.22;69.6;70.13;69.62;70.67;70.66;70.85;70.76;70.71;71.05;71.46;71.77;72.04;72.11;72.23;72.4;72.48;72.77;72.86;72.68;72.67;72.58;72.73;72.56;72.75;73.02;73.37;73.1;73.54;73.63;73.81;71.2;72.68;71.6
Bosnia and Herzegovina;61.04;61.86;62.51;63.27;63.95;64.56;65.17;65.55;65.88;66.2;66.69;67.16;67.67;68.22;68.86;69.41;69.65;70.04;70.13;70.34;70.54;70.7;70.88;71.08;71.04;70.8;71.24;71.68;71.75;71.78;72.35;72.09;51.78;51.52;67.21;70.28;73.43;73.69;73.9;75.08;74.5;75.06;74.61;75.78;76.13;75.42;76.25;76.16;76.84;76.98;77.07;77.01;77.19;76.33;75.66;76.18;76.81;76.94;77.09;77.24;76.22;75.3
Belarus;69.25;69.74;69.46;69.71;70.62;70.6;70.77;70.93;70.81;70.98;70.74;71.01;70.85;71.0;70.85;70.46;70.4;70.29;70.08;69.93;69.93;69.91;70.08;69.79;69.56;70.99;71.55;70.99;71.34;71.48;70.84;70.38;70.02;68.97;68.77;68.46;68.51;68.46;68.41;67.91;68.91;68.51;68.06;68.55;68.96;68.85;69.4;70.21;70.46;70.41;70.4;70.55;71.97;72.47;72.97;73.62;73.83;74.13;74.18;74.23;72.46;72.37
Belize;58.16;53.36;59,0;59.57;60.06;60.63;60.96;61.5;62.19;62.77;63.47;64.2;64.45;64.62;65.03;65.94;66.27;66.52;66.89;67.4;67.76;68.07;67.95;68.14;68.64;69.46;69.7;70.2;70.78;70.72;70.74;70.25;69.98;69.99;70.32;69.89;69.81;69.21;68.6;68.77;68.56;68.36;68.75;68.91;69.23;69.38;70.09;70.66;71.15;71.82;72.27;72.65;73.25;73.67;73.31;73.19;73.4;73.56;73.7;73.93;72.85;70.47
Bermuda;67.16;64.11;63.84;63.78;67.64;67.85;63.43;68.36;68.53;68.21;69.48;68.5;69.96;71.89;72.39;72.57;71.86;72.08;72.85;73.3;73.45;73.68;73.75;74.12;74.53;73.34;73.43;74.0;74.91;74.27;74.5;74.89;73.8;74.49;73.61;76.14;78.22;78.0;79.95;79.05;78.86;79.87;80.63;79.34;81.12;77.93;77.58;79.36;78.62;80.0;80.5;81.4;81.27;79.99;79.52;80.92;80.61;82.35;80.83;81.03;81.14;79.28
Bolivia;43.1;43.4;43.79;44.08;44.37;44.71;45.12;45.42;45.8;46.22;46.6;47.06;47.5;47.98;48.45;48.83;49.26;49.73;50.18;50.66;51.18;51.62;52.05;52.41;52.97;53.45;53.93;54.49;55.16;55.77;56.42;57.1;57.63;58.42;58.99;59.53;60.08;60.75;61.33;61.87;62.35;62.84;63.31;63.63;64.0;64.39;64.78;65.03;65.45;65.88;66.16;66.53;66.7;67.02;67.16;67.32;67.63;67.7;67.75;67.84;64.47;63.63
Brazil;52.66;53.18;53.71;54.21;54.65;55.08;55.47;55.87;56.31;56.75;57.17;57.59;58.03;58.47;58.88;59.35;59.79;60.24;60.72;61.25;61.78;62.33;62.86;63.33;63.77;64.2;64.64;65.08;65.45;65.87;65.98;66.31;66.71;67.11;67.57;67.92;68.41;68.81;69.19;69.52;69.74;70.19;70.41;70.72;71.13;71.75;72.04;72.36;72.72;72.95;73.18;73.34;73.55;73.92;74.31;74.33;74.44;74.83;75.11;75.34;74.01;72.75
Barbados;64.56;65.32;65.9;66.49;67.02;67.38;67.81;67.94;68.11;68.44;68.27;68.6;68.93;69.17;69.52;69.92;70.21;70.72;71.12;71.53;71.92;72.12;72.3;72.54;72.6;72.5;72.57;72.67;72.65;72.74;72.75;72.84;72.92;73.19;73.21;73.3;73.55;73.55;73.73;74.04;74.09;74.25;74.37;74.47;74.73;74.89;75.07;75.34;75.45;75.68;75.71;75.92;76.1;76.28;76.48;76.65;76.81;76.94;77.07;77.26;77.39;77.57
Brunei Darussalam;56.79;57.82;57.67;59.78;60.58;61.19;61.96;62.51;63.01;63.55;64.11;64.7;65.35;65.96;66.53;67.11;67.61;68.08;68.49;68.86;69.25;69.54;69.84;70.09;70.36;70.58;70.85;71.02;71.24;71.44;71.66;71.87;72.08;72.31;72.55;72.82;73.1;73.36;73.62;73.86;74.08;74.28;74.43;74.56;74.65;74.73;74.78;74.82;74.84;74.85;74.85;74.86;74.83;74.8;74.78;74.75;74.73;74.72;74.71;74.75;74.8;74.64
Bhutan;33.47;33.95;34.47;35.03;35.62;36.24;36.9;37.58;38.27;39.13;39.95;40.75;41.59;42.45;43.27;44.09;44.95;45.79;46.6;47.41;48.22;49.03;49.85;50.64;51.4;52.12;52.92;53.72;54.51;55.26;55.97;56.64;57.42;58.12;58.63;59.52;60.21;60.85;61.55;62.23;62.01;63.44;64.08;64.7;65.27;65.81;66.36;66.95;67.5;67.9;68.43;68.88;69.33;69.71;70.05;70.34;70.6;70.85;71.13;71.39;71.61;71.81
Botswana;50.37;50.89;51.39;51.88;52.35;52.81;53.26;53.72;54.19;54.68;55.2;55.74;56.3;56.86;57.42;58.0;58.58;59.17;59.69;60.18;60.65;61.12;61.57;62.0;62.36;62.63;62.68;62.52;61.76;61.43;60.53;59.47;58.35;57.72;56.15;55.06;54.36;53.45;52.52;51.69;51.01;50.68;50.63;50.95;51.62;52.61;53.92;55.73;57.12;58.28;60.01;60.53;60.8;62.0;62.61;63.82;65.46;66.75;65.42;65.46;65.65;61.14
Central African Republic;39.24;39.74;40.26;40.78;41.34;41.93;42.53;43.16;43.8;44.44;45.07;45.69;46.29;46.85;47.4;47.91;48.4;48.84;49.24;49.6;49.89;50.16;50.3;50.42;50.48;50.52;50.49;50.41;50.24;49.99;49.63;49.25;48.79;48.35;47.85;47.35;46.83;46.32;46.02;45.75;45.41;45.39;45.41;45.76;46.04;46.43;46.85;47.43;48.02;48.65;49.26;49.95;50.69;50.9;50.57;52.79;53.46;53.72;54.37;55.02;54.6;53.9
Canada;71.13;71.35;71.37;71.38;71.78;71.87;72.0;72.21;72.35;72.5;72.7;73.03;72.93;73.16;73.24;73.52;73.86;74.22;74.53;74.87;75.1;75.5;75.73;76.06;76.33;76.33;76.46;76.78;76.86;77.12;77.44;77.59;77.84;77.7;77.87;77.98;78.22;78.41;78.62;78.84;79.17;79.4;79.53;79.72;79.99;80.11;80.54;80.54;80.72;81.07;81.32;81.48;81.66;81.74;81.78;81.82;81.92;81.83;81.84;82.23;81.67;82.6
Central Europe and the Baltics;67.93;68.24;67.69;68.67;69.17;69.32;69.82;69.32;69.56;69.05;69.33;69.5;69.96;70.1;70.35;70.18;70.32;70.25;70.14;70.25;69.89;70.37;70.46;70.39;70.35;70.31;70.57;70.61;70.86;70.73;70.66;70.58;70.73;70.85;70.87;71.03;71.34;71.52;71.9;72.18;72.72;73.1;73.24;73.38;73.73;73.84;74.09;74.25;74.58;74.93;75.29;75.89;75.99;76.36;76.68;76.57;76.97;76.95;76.98;77.27;76.09;74.93
Switzerland;71.31;71.64;71.2;71.19;72.08;72.2;72.34;72.64;72.59;72.61;73.02;73.13;73.64;73.94;74.29;74.67;74.79;75.24;75.19;75.47;75.46;75.69;76.03;76.03;76.61;76.73;76.9;77.2;77.23;77.42;77.24;77.51;77.81;78.09;78.35;78.42;78.9;79.08;79.32;79.58;79.68;80.18;80.39;80.54;81.09;81.24;81.49;81.74;81.99;82.04;82.25;82.7;82.7;82.8;83.2;82.9;83.6;83.55;83.75;83.9;83,0;83.85
Channel Islands;71.47;69.75;72.04;70.31;72.48;72.03;72.37;73.23;71.21;71.51;71.17;71.69;71.87;72.15;72.24;71.65;72.57;72.83;73.21;72.51;73.43;73.86;74.87;74.04;76.08;75.27;75.62;76.62;77.05;77.21;77.19;76.62;78.12;76.55;78.0;77.75;77.96;78.21;78.9;78.94;79.16;79.28;78.91;79.62;80.12;80.34;80.69;81.17;81.32;81.0;81.12;81.73;81.34;81.52;81.88;81.43;81.37;81.33;81.38;81.39;81.26;81.23
Chile;57.02;57.54;57.77;57.15;58.74;59.45;59.69;60.72;61.63;61.91;62.49;62.73;62.28;63.91;64.9;66.28;65.86;67.4;68.07;68.19;68.84;69.91;70.3;70.01;70.46;71.18;71.81;72.54;72.46;72.47;72.57;73.57;74.14;74.19;74.61;74.61;74.9;75.6;75.67;76.02;76.87;76.77;77.44;77.39;77.62;78.02;78.26;77.83;78.48;78.74;78.5;79.11;79.02;79.34;79.47;79.75;80.08;80.35;80.13;80.33;79.38;78.94
China;33.27;40.47;50.82;51.41;52.16;52.91;53.64;54.35;55.06;55.74;56.61;57.56;58.42;59.39;60.17;60.92;61.8;62.54;63.22;63.87;64.42;64.97;65.46;65.9;66.3;66.64;66.97;67.29;67.58;67.84;68.0;68.17;68.73;69.22;69.52;70.01;70.27;70.67;71.17;71.42;71.88;72.61;72.98;73.37;73.75;74.11;74.5;74.76;74.87;75.34;75.6;75.9;76.19;76.45;76.72;76.98;77.22;77.25;77.74;77.97;78.08;78.21
Cote d'Ivoire;38.11;38.74;39.4;39.95;40.61;41.18;41.82;42.42;43.02;43.64;44.33;44.99;45.72;46.56;47.51;48.35;49.29;50.18;50.93;51.68;52.27;52.73;52.92;53.17;53.04;53.17;53.2;53.19;53.02;52.88;52.6;52.32;52.14;51.92;51.74;51.61;51.52;51.45;51.11;50.96;50.84;50.81;50.89;50.95;51.36;51.82;52.35;52.97;53.65;54.39;55.02;55.52;56.16;56.75;57.21;57.76;58.06;58.48;58.85;59.32;59.03;58.6
Cameroon;34.82;35.41;42.52;42.92;43.31;43.89;44.44;45.18;45.98;46.82;47.58;48.25;48.9;49.32;49.57;49.72;49.88;49.99;50.28;50.58;51.04;51.52;52.09;52.76;53.22;53.9;54.04;54.72;54.93;54.95;54.87;54.66;54.48;54.06;53.53;53.22;52.82;52.74;52.58;52.7;52.93;53.14;53.41;53.88;54.18;54.36;54.86;55.16;55.66;56.1;56.58;57.13;57.79;58.48;58.94;59.66;60.23;60.81;61.18;61.58;60.83;60.33
Congo, Dem. Rep.;40.86;40.24;40.34;40.6;40.05;40.7;42.05;42.31;42.7;42.98;43.28;43.66;43.93;44.1;44.41;44.47;44.66;44.76;44.54;45.21;45.47;45.72;45.92;46.18;46.45;46.62;46.91;47.34;47.77;48.17;48.6;48.95;49.24;49.55;49.88;50.41;49.31;50.4;49.7;49.95;51.78;52.12;52.33;52.83;53.43;53.93;54.53;54.92;55.34;55.84;56.42;57.07;57.25;57.76;58.3;58.49;59.07;59.41;59.94;60.28;59.74;59.19
Congo, Rep.;47.98;48.7;49.5;50.12;50.7;51.2;51.77;52.1;52.72;53.2;53.63;54.04;54.36;54.7;55.06;55.32;55.6;55.81;56.06;56.31;56.59;56.83;57.02;57.23;57.45;57.52;57.55;57.43;57.01;56.51;55.93;55.24;54.66;54.15;53.74;53.64;53.49;47.19;50.89;52.76;53.68;54.4;55.09;55.95;56.99;58.13;58.88;59.64;60.43;61.09;61.68;61.99;62.32;62.7;62.95;63.23;63.58;63.76;64.05;62.75;63.78;63.52
Colombia;57.13;57.73;58.3;58.89;59.38;59.81;60.2;60.53;60.87;61.22;61.57;62.05;62.57;63.06;63.64;64.27;64.84;65.42;65.95;66.38;66.87;67.2;67.53;67.75;67.98;66.28;68.26;68.27;68.39;68.53;68.64;68.81;69.04;69.34;69.61;69.93;70.19;70.49;70.74;70.93;71.32;71.5;71.94;72.36;72.69;73.08;73.47;73.84;74.3;74.74;75.03;75.32;75.6;75.83;76.04;76.26;76.47;76.65;76.75;76.75;74.77;72.83
Comoros;39.69;40.15;40.58;40.93;41.25;41.7;42.15;42.75;43.46;44.16;44.86;45.58;46.3;46.88;47.47;46.63;48.52;49.05;49.67;50.25;50.8;51.31;51.9;52.27;52.94;53.48;54.03;54.37;54.95;55.22;55.84;56.19;56.73;57.28;57.69;58.02;58.34;58.39;58.41;58.78;58.76;59.16;59.06;59.26;59.48;59.6;59.88;60.1;60.48;60.83;61.12;61.5;61.83;62.22;62.52;62.9;63.24;63.62;63.91;64.07;64.17;63.42
Cabo Verde;49.41;49.95;50.39;50.89;51.34;51.81;52.36;52.72;53.18;53.74;54.33;54.81;55.31;56.01;56.84;57.89;58.65;59.57;60.31;60.92;61.37;61.59;61.67;61.69;61.66;62.18;62.75;63.4;64.06;64.45;65.02;65.18;65.32;65.31;65.25;64.09;65.76;66.38;66.99;67.57;68.62;69.93;70.7;71.43;72.0;72.68;72.24;72.83;72.51;73.09;73.5;74.26;74.48;75.06;75.24;74.62;75.74;76.59;75.73;76.0;74.81;74.05
Costa Rica;60.41;60.9;61.11;61.62;62.08;62.66;63.37;63.92;64.43;65.02;65.36;66.3;66.72;67.95;68.45;69.4;70.29;71.29;72.24;72.42;72.9;73.8;74.65;75.08;75.09;75.11;75.5;75.74;76.11;76.26;76.63;76.59;76.63;76.7;76.67;76.55;76.8;77.07;76.9;77.14;77.59;77.55;77.98;78.07;78.33;78.5;78.51;78.46;78.44;78.67;78.67;79.35;79.28;79.4;78.77;79.09;79.46;79.38;79.48;79.43;79.28;77.02
Caribbean small states;61.83;62.07;62.6;63.17;63.59;63.91;64.22;64.47;64.5;64.63;64.93;65.06;65.2;65.57;66.07;66.26;66.39;66.58;66.91;67.17;67.38;67.67;67.91;67.98;68.11;68.25;68.52;68.78;69.01;69.33;69.43;69.55;69.55;69.64;69.57;69.61;69.58;69.43;69.5;69.39;69.61;69.7;69.97;69.8;70.23;70.48;70.7;71.03;71.18;71.83;72.02;72.36;72.64;72.72;72.68;72.61;72.56;72.6;72.58;72.52;72.58;71.0
Cuba;64.17;64.51;65.04;64.94;65.91;66.32;66.72;67.11;67.51;67.94;68.4;68.92;69.46;70.02;70.57;71.08;71.52;71.89;72.2;72.45;72.75;72.94;73.13;73.31;73.47;73.61;73.72;73.83;73.91;73.98;74.04;74.09;74.16;74.26;74.41;74.62;74.9;75.22;75.56;75.89;76.18;76.42;76.61;76.77;76.91;77.05;77.18;77.31;77.43;77.55;77.66;77.76;77.83;77.87;77.85;77.77;77.64;77.53;77.5;77.61;77.57;73.68
Curacao;65.78;65.91;66.2;66.47;66.67;66.91;67.2;67.49;67.66;67.94;68.28;68.46;68.79;69.19;69.53;69.65;70.03;70.15;70.45;70.74;70.89;71.02;71.15;71.28;71.34;71.63;71.74;71.95;72.04;71.95;72.25;72.35;72.42;72.5;72.59;72.6;72.69;72.75;72.86;72.94;73.03;73.11;73.21;73.35;73.43;73.57;74.71;75.36;75.31;76.16;;77.47;77.52;77.83;77.98;78.08;77.72;78.02;;;;
Cayman Islands;;;;;;;;;;;;;;;;;;;;;;;;;;;;;;;;;;;;;;;;;;;;;;;;;;;82.19;;;;;;;;;;;
Cyprus;64.19;64.8;65.42;62.28;62.79;67.05;67.5;67.92;68.27;68.49;68.93;69.33;69.81;70.16;55.23;70.52;71.04;71.3;71.77;71.89;71.95;71.94;71.98;72.31;72.25;72.65;72.65;73.09;73.13;73.48;73.54;73.72;74.18;74.65;74.72;75.13;75.52;75.84;76.18;76.3;76.57;76.99;77.49;77.79;77.94;78.1;78.37;78.81;78.98;79.4;79.67;80.0;80.11;80.4;80.77;80.97;81.06;81.33;81.38;81.4;81.39;81.2
Czechia;70.35;70.51;69.79;70.3;70.46;70.16;70.38;70.26;69.84;69.37;69.44;69.68;70.18;70.02;70.09;70.41;70.53;70.57;70.64;70.75;70.28;70.72;70.81;70.59;70.84;71.05;71.0;71.45;71.64;71.68;71.38;71.9;72.27;72.77;72.97;73.07;73.71;73.82;74.51;74.67;74.97;75.17;75.22;75.17;75.72;75.92;76.52;76.72;76.98;77.08;77.42;77.87;78.08;78.18;78.82;78.58;79.03;78.98;79.03;79.23;78.23;77.37
Germany;69.06;69.64;69.8;69.91;70.44;70.41;70.52;70.73;70.38;70.23;70.45;70.68;70.91;71.11;71.42;71.26;71.71;72.31;72.29;72.63;72.8;73.04;73.33;73.62;74.07;74.19;74.4;74.81;75.0;75.19;75.09;75.32;75.82;75.87;76.27;76.42;76.67;77.07;77.48;77.73;77.93;78.33;78.23;78.38;78.68;78.93;79.13;79.53;79.74;79.84;79.99;80.44;80.54;80.49;81.09;80.64;80.99;80.99;80.89;81.29;81.04;80.9
Djibouti;43.43;43.72;44.09;44.41;44.67;45.09;45.47;45.91;46.44;46.98;47.51;47.36;48.53;49.12;49.52;49.87;50.06;50.57;51.05;51.52;51.95;52.26;52.77;53.18;53.7;54.07;54.48;54.77;55.16;55.27;55.5;55.16;54.45;55.77;55.51;56.3;56.19;55.97;56.18;56.43;56.57;56.9;57.22;57.59;57.76;58.32;58.72;59.02;59.37;59.67;60.26;60.43;60.85;61.22;61.64;61.96;62.19;62.8;63.04;63.09;62.69;62.3
Dominica;59.03;59.95;61.74;58.69;64.49;64.59;63.49;65.0;64.42;63.7;65.47;64.33;67.11;68.05;68.78;69.17;68.98;68.76;70.44;70.97;71.78;73.23;72.99;73.52;72.02;71.25;71.32;70.86;71.36;69.55;69.85;69.65;70.28;70.94;71.08;71.52;71.19;71.63;71.47;70.63;72.69;71.71;72.34;71.44;72.4;72.25;72.85;71.93;73.31;72.17;71.55;69.69;70.54;68.9;69.43;68.73;70.13;67.53;73.59;73.56;73.65;72.81
Denmark;72.18;72.44;72.32;72.4;72.49;72.37;72.44;72.92;73.12;73.22;73.34;73.41;73.44;73.68;73.81;74.08;73.74;74.63;74.39;74.22;74.1;74.23;74.55;74.42;74.56;74.43;74.58;74.69;74.77;74.8;74.81;75.16;75.19;75.12;75.38;75.21;75.59;75.95;76.14;76.34;76.59;76.79;76.9;77.14;77.49;77.84;78.1;78.2;78.45;78.6;79.1;79.8;80.05;80.3;80.7;80.7;80.85;81.1;80.95;81.45;81.6;81.4
Dominican Republic;50.26;50.84;51.41;51.8;52.54;50.86;53.67;54.29;54.89;55.51;56.15;56.78;57.42;58.04;58.65;59.24;59.79;60.32;60.82;60.75;61.75;62.19;62.65;63.11;63.6;64.14;64.73;65.34;65.95;66.55;67.11;67.62;68.08;68.47;68.79;68.99;69.1;69.17;69.1;69.28;69.42;69.64;69.92;70.27;70.33;70.88;71.17;71.37;71.66;71.87;72.09;72.22;72.51;72.71;72.87;72.95;72.99;73.06;73.23;73.58;72.89;72.61
Algeria;40.53;40.52;39.32;42.91;42.79;42.71;42.54;42.57;42.64;42.78;43.16;43.67;44.35;45.08;46.03;46.97;47.98;49.19;50.35;51.76;53.26;55.28;57.43;59.51;61.66;63.59;65.16;65.83;66.97;67.08;67.42;67.69;67.76;67.72;67.36;67.45;68.75;69.17;69.45;70.03;70.48;70.82;71.23;71.29;71.76;72.06;72.33;72.6;72.94;73.62;73.81;74.12;74.2;74.61;75.11;75.62;75.73;75.74;76.07;76.47;74.45;76.38
East Asia & Pacific (excluding high income);37.75;43.36;51.13;51.63;52.36;52.29;53.46;54.34;54.82;55.53;56.24;57.09;57.69;58.64;59.29;60.05;60.89;61.64;62.27;62.89;63.44;63.94;64.42;64.84;65.24;65.62;65.97;66.32;66.6;66.92;67.14;67.36;67.88;68.35;68.62;68.92;69.17;69.56;69.98;70.19;70.56;71.15;71.5;71.95;72.03;72.56;72.91;73.15;73.1;73.65;73.88;74.15;74.4;74.64;74.9;75.12;75.32;75.39;75.8;76.0;75.94;75.54
Early-demographic dividend;46.88;47.37;47.79;48.19;48.67;47.68;48.67;49.35;50.4;50.82;50.77;50.17;52.0;52.46;52.92;53.35;53.88;54.49;54.98;55.57;56.12;56.55;57.04;57.48;58.05;58.57;59.03;59.62;60.03;60.47;60.83;61.14;61.62;61.9;62.16;62.57;62.88;63.28;63.71;64.14;64.5;64.82;65.22;65.52;65.74;66.19;66.59;66.88;67.08;67.53;67.87;68.29;68.67;69.07;69.48;69.87;70.22;70.54;70.79;71.01;70.03;68.47
East Asia & Pacific;41.64;46.58;53.29;53.82;54.51;54.47;55.54;56.37;56.79;57.42;58.04;58.86;59.41;60.26;60.86;61.58;62.35;63.06;63.64;64.23;64.72;65.2;65.67;66.05;66.44;66.8;67.15;67.5;67.74;68.06;68.27;68.49;68.96;69.4;69.67;69.92;70.21;70.58;70.97;71.17;71.55;72.11;72.45;72.86;72.96;73.44;73.79;74.03;74.0;74.53;74.73;74.97;75.23;75.48;75.73;75.95;76.14;76.21;76.59;76.8;76.76;76.39
Europe & Central Asia (excluding high income);64.44;64.69;64.58;65.02;65.51;65.35;65.42;65.31;65.37;65.08;65.73;65.98;66.07;66.19;66.29;66.12;66.1;66.12;66.23;66.16;66.4;66.65;67.02;67.08;66.97;67.41;68.44;68.63;68.61;68.73;68.62;68.32;67.25;66.28;66.26;66.31;66.96;67.5;67.91;67.49;67.6;67.75;67.84;67.96;68.31;68.38;69.04;69.55;69.88;70.46;70.77;71.22;71.65;72.1;72.3;72.57;72.88;73.39;73.6;73.89;72.21;71.42
Europe & Central Asia;67.48;67.75;67.62;67.96;68.48;68.47;68.65;68.66;68.64;68.43;68.91;69.11;69.33;69.45;69.66;69.62;69.74;69.95;70.03;70.14;70.27;70.56;70.87;70.91;71.03;71.23;71.8;72.03;72.12;72.24;72.23;72.17;71.89;71.53;71.7;71.8;72.23;72.63;72.94;72.89;73.13;73.39;73.5;73.61;74.05;74.19;74.69;75.05;75.31;75.7;75.99;76.46;76.64;76.99;77.3;77.23;77.57;77.78;77.91;78.19;76.96;76.63
Ecuador;53.36;53.9;54.4;54.88;55.3;55.66;55.94;56.21;56.49;56.65;57.15;57.63;58.2;58.84;59.53;60.23;60.89;61.56;62.15;62.7;63.19;63.66;64.11;64.53;65.17;65.81;66.53;67.3;68.06;68.75;69.35;69.62;70.12;70.34;70.76;71.04;71.36;71.68;72.05;72.46;72.84;73.24;73.61;73.97;74.28;74.51;74.69;74.84;74.98;75.18;75.43;75.74;76.06;76.37;76.62;76.79;76.76;76.97;77.09;77.3;72.15;73.67
Egypt, Arab Rep.;45.37;46.02;46.84;47.67;48.47;49.13;49.5;49.54;49.9;49.8;50.01;50.39;50.77;50.85;51.84;52.59;53.37;54.13;54.99;55.8;56.63;57.14;57.95;58.89;59.73;60.54;61.26;62.14;62.98;63.63;64.15;64.75;65.03;65.47;65.82;66.31;66.74;67.2;67.47;67.74;68.01;68.31;68.56;68.4;68.61;68.78;68.98;69.13;69.32;69.48;69.66;69.88;70.08;70.05;70.42;70.48;70.84;71.3;71.37;71.36;70.99;70.22
Euro area;69.28;69.71;69.67;69.83;70.39;70.46;70.71;70.89;70.8;70.72;71.14;71.29;71.65;71.75;72.08;72.16;72.48;72.92;73.08;73.43;73.58;73.86;74.2;74.28;74.68;74.81;75.1;75.43;75.62;75.8;75.87;76.02;76.37;76.48;76.79;76.95;77.21;77.58;77.79;78.02;78.27;78.59;78.68;78.71;79.28;79.42;79.85;80.1;80.3;80.51;80.75;81.23;81.23;81.51;81.94;81.57;81.96;81.93;82.05;82.33;81.54;81.71
Eritrea;37.5;37.97;38.39;38.77;39.24;39.55;39.88;40.09;40.38;40.72;41.09;41.48;41.85;42.25;42.24;42.24;42.66;43.17;43.56;43.97;44.59;44.91;44.86;45.32;45.78;46.15;47.08;47.33;48.02;47.83;49.77;50.61;52.47;53.23;54.1;54.91;55.76;56.31;49.16;43.4;56.11;58.3;58.81;59.41;59.9;60.6;61.61;62.12;62.57;63.33;63.79;64.4;64.84;65.07;65.6;66.03;66.29;66.58;67.07;67.3;67.13;66.54
Spain;69.11;69.48;69.52;69.68;70.4;70.81;71.06;71.25;71.54;71.06;72.03;71.63;72.82;72.61;72.97;73.32;73.64;74.13;74.3;74.82;75.35;75.53;76.13;75.91;76.3;76.26;76.51;76.73;76.75;76.81;76.84;76.97;77.41;77.55;77.9;77.98;78.12;78.6;78.67;78.72;78.97;79.37;79.57;79.62;79.87;80.17;80.82;80.87;81.18;81.48;81.63;82.48;82.43;83.08;83.23;82.83;83.33;83.28;83.43;83.83;82.33;83.18
Estonia;68.93;68.96;68.79;69.21;70.06;69.68;69.63;69.94;69.75;69.27;69.41;69.82;69.59;69.8;70.08;69.35;68.93;69.32;68.92;68.79;68.8;68.98;69.13;69.38;69.28;69.38;70.09;70.64;70.7;70.04;69.48;69.37;68.86;67.91;66.5;67.54;69.61;69.81;69.36;70.06;70.42;70.26;70.9;71.32;71.91;72.57;72.69;72.81;73.77;74.82;75.43;76.23;76.33;77.14;77.03;77.59;77.64;78.09;78.24;78.65;78.6;76.74
Ethiopia;40.33;40.99;41.4;41.96;42.27;42.44;40.15;42.69;42.84;42.83;42.81;42.89;41.55;41.63;39.45;39.36;41.9;41.89;41.9;42.81;43.22;43.61;43.77;36.04;36.43;37.36;37.81;45.44;45.06;45.04;44.56;46.13;46.9;47.39;47.86;48.3;48.92;49.51;49.93;49.42;50.54;51.04;51.52;52.53;53.23;54.01;55.15;56.43;57.59;58.8;59.73;60.72;61.54;62.37;62.91;63.65;64.39;64.84;65.41;65.84;65.37;64.97
European Union;69.04;69.44;69.28;69.64;70.16;70.27;70.58;70.59;70.6;70.42;70.82;70.97;71.35;71.47;71.78;71.8;72.07;72.39;72.49;72.77;72.79;73.13;73.4;73.45;73.74;73.82;74.07;74.32;74.53;74.65;74.7;74.81;75.13;75.26;75.53;75.67;75.92;76.24;76.51;76.75;77.08;77.42;77.53;77.59;78.11;78.27;78.67;78.9;79.13;79.36;79.63;80.14;80.16;80.46;80.87;80.57;80.95;80.93;81.03;81.31;80.45;80.39
Fragile and conflict affected situations;46.23;46.54;46.88;47.18;47.7;47.81;47.78;48.01;48.44;48.54;48.92;49.5;49.51;50.1;50.24;50.48;50.95;51.48;51.61;51.85;52.07;52.21;52.18;51.58;51.43;51.6;52.23;52.68;52.25;53.28;53.3;53.3;53.28;53.67;54.28;54.0;54.08;54.37;54.16;54.88;55.51;55.73;56.15;56.42;56.66;57.05;57.54;58.01;58.02;59.06;59.31;59.97;60.17;60.47;60.71;61.01;61.29;61.66;61.97;62.27;61.76;61.25
Finland;68.82;68.84;68.58;69.01;69.22;68.98;69.48;69.67;69.62;69.5;70.18;70.02;70.71;71.22;71.13;71.67;71.81;72.35;72.9;73.16;73.44;73.75;74.3;74.2;74.52;74.22;74.56;74.59;74.58;74.79;74.81;75.23;75.46;75.71;76.4;76.41;76.69;76.88;77.09;77.29;77.47;77.97;78.12;78.37;78.71;78.82;79.21;79.26;79.57;79.72;79.87;80.47;80.63;80.98;81.18;81.48;81.43;81.63;81.73;81.98;81.93;81.93
Fiji;57.59;58.2;58.93;59.55;60.22;60.8;61.15;61.58;61.77;61.54;61.71;61.8;61.78;61.02;61.69;61.85;61.98;62.27;62.53;62.94;62.73;62.73;62.79;63.29;63.89;64.53;64.72;64.94;65.15;65.28;65.51;65.64;65.83;65.93;66.12;66.29;66.41;66.45;66.68;66.76;66.31;66.34;65.75;66.18;66.42;66.63;66.86;66.83;66.94;67.09;67.33;67.52;67.55;67.43;67.38;66.84;67.24;67.79;67.81;67.89;67.92;67.11
France;69.87;70.12;70.31;70.51;70.66;70.81;70.96;71.16;71.31;71.46;71.66;71.91;72.11;72.36;72.6;72.85;73.1;73.35;73.6;73.85;74.05;74.3;74.5;74.8;75,0;75.3;75.6;75.8;76.1;76.35;76.6;76.85;77.1;77.3;77.65;77.75;77.95;78.3;78.6;78.76;79.06;79.16;79.26;79.11;80.16;80.16;80.81;81.11;81.21;81.41;81.66;82.11;81.97;82.22;82.72;82.32;82.57;82.58;82.68;82.83;82.18;82.32
Faroe Islands;;;;;;;;;;;;;;74.5;;;;;75.99;;;;;;;;75.27;75.47;75.71;75.91;76.11;76.36;76.61;76.91;77.17;77.37;77.57;77.82;78.03;78.23;78.44;78.64;78.84;78.94;79.09;79.29;79.64;79.99;80.09;80.39;80.64;80.94;81.19;81.44;81.59;81.79;82.04;82.34;82.6;82.95;83.2;83.5
Micronesia, Fed. Sts.;56.41;57.11;57.8;58.18;58.53;59.11;59.34;59.87;60.19;60.66;61.03;61.52;61.78;62.14;62.5;62.8;63.09;63.36;63.72;63.78;64.21;64.48;64.82;65.28;65.75;65.97;66.17;66.29;66.86;67.1;67.42;67.62;67.83;68.06;68.09;68.55;68.78;69.23;69.47;69.71;69.77;70.48;69.46;70.76;70.84;70.88;71.09;71.06;71.14;71.11;71.23;71.32;71.4;71.5;71.53;71.41;71.59;71.47;71.32;71.08;70.67;70.71
Gabon;46.58;47.23;47.84;48.48;49.05;49.75;50.35;50.89;51.44;51.96;52.55;53.07;53.6;54.06;54.57;55.03;55.57;56.09;56.66;57.05;57.45;57.82;58.11;58.6;58.89;59.31;59.64;59.89;60.01;60.27;60.31;60.4;60.55;60.72;60.7;60.7;60.61;60.66;60.79;60.85;61.07;61.27;61.29;61.67;61.84;61.96;62.38;62.62;63.08;63.3;63.9;64.05;64.59;64.78;64.97;65.46;65.8;66.19;66.31;66.6;66.53;65.82
United Kingdom;71.13;70.88;70.93;70.83;71.62;71.62;71.57;72.12;71.72;71.72;71.97;72.27;72.12;72.32;72.52;72.72;72.78;73.22;73.18;73.28;73.68;74.03;74.18;74.38;74.78;74.63;74.93;75.28;75.38;75.58;75.88;76.08;76.43;76.39;76.89;76.84;77.09;77.21;77.19;77.39;77.74;77.99;78.14;78.45;78.75;79.05;79.25;79.45;79.6;80.05;80.4;80.95;80.9;81.0;81.3;80.96;81.16;81.26;81.26;81.4;80.35;80.7
Georgia;61.22;61.42;61.86;62.23;62.33;62.85;63.08;63.29;63.77;64.2;64.43;64.75;65.07;65.42;65.59;65.87;66.03;66.47;66.69;67.07;67.17;67.63;67.9;67.94;67.99;68.37;68.44;68.25;68.53;68.35;68.39;68.25;67.78;67.66;68.55;68.85;68.97;69.06;69.1;69.32;69.58;69.61;70.02;70.33;70.57;71.13;71.39;71.57;71.33;71.95;72.13;72.39;72.41;72.63;73.1;73.3;73.57;73.57;73.34;73.47;72.77;71.69
Ghana;47.1;47.33;47.41;47.58;47.72;47.78;47.73;47.68;47.57;47.56;47.8;47.8;48.03;48.4;48.78;49.25;49.76;50.09;50.57;50.93;51.12;51.27;51.38;51.62;52.05;52.42;53.12;53.82;54.51;55.19;55.62;56.01;56.23;56.42;56.11;56.56;56.82;57.2;57.6;58.03;58.2;58.11;58.61;59.11;59.19;59.76;59.99;60.22;60.49;60.95;61.16;61.65;62.08;62.42;63.05;63.17;63.89;64.01;64.12;64.74;64.11;63.8
Gibraltar;69.31;69.23;69.48;69.26;70.17;70.61;69.59;70.98;70.51;70.01;70.61;71.02;70.83;71.38;70.64;71.82;71.39;72.23;72.55;72.71;73.75;73.57;73.34;74.52;75.39;76.01;76.24;74.68;77.36;74.55;77.07;76.99;75.56;78.52;79.16;76.56;77.65;80.34;80.66;81.53;81.37;81.09;80.26;79.69;80.95;81.44;80.39;78.51;80.13;81.24;80.96;81.87;83.37;80.55;81.88;80.43;81.7;81.83;82.15;82.36;82.2;79.33
Guinea;36.55;36.75;36.91;37.16;37.34;37.6;37.84;38.12;38.56;38.72;39.01;39.31;39.67;39.89;40.14;40.59;41.02;41.41;41.9;42.39;42.88;43.32;43.92;44.38;44.95;45.52;45.92;46.42;46.59;46.85;47.0;47.55;48.36;48.96;49.17;49.87;50.54;51.36;52.05;52.36;52.48;52.66;53.28;53.68;54.12;54.63;55.11;55.55;56.04;56.35;56.72;57.02;57.41;57.79;57.89;58.13;58.76;59.11;59.35;59.72;59.33;58.89
Gambia, The;35.1;35.57;35.99;36.5;36.95;37.45;37.9;38.43;38.87;39.35;39.87;40.35;40.91;41.39;41.95;42.44;43.04;43.44;43.58;44.56;45.15;44.48;46.38;46.92;47.49;48.19;48.71;49.41;50.05;50.63;51.32;52.13;52.94;53.75;54.72;55.46;56.01;56.06;56.55;56.82;56.94;57.04;57.08;57.59;58.09;58.39;59.06;59.39;60.08;60.43;60.72;61.53;62.1;62.11;62.27;62.49;63.01;62.99;63.04;63.76;62.61;62.08
Guinea-Bissau;37.46;37.7;37.93;35.66;35.98;36.38;36.7;37.02;37.36;37.75;38.02;38.37;38.7;39.03;41.76;42.05;42.42;42.72;43.03;43.39;43.75;44.07;44.37;44.63;44.83;45.1;45.45;45.78;46.32;46.7;47.08;47.47;47.92;48.23;48.16;48.95;49.06;48.0;47.72;48.01;50.12;50.45;50.99;51.41;52.15;52.25;53.37;54.16;54.65;55.54;56.23;56.97;57.69;58.23;58.61;59.13;59.67;60.07;60.5;60.88;60.0;59.65
Equatorial Guinea;41.73;41.99;42.26;42.55;42.75;43.05;43.26;43.53;43.73;30.08;30.25;36.26;43.28;43.48;40.19;35.81;28.92;40.5;40.79;41.65;47.56;48.11;48.6;49.01;49.21;49.68;50.04;50.28;50.5;50.67;50.86;50.97;51.11;51.31;51.41;51.59;51.73;52.06;52.38;52.75;53.23;53.64;54.09;54.58;55.04;55.46;56.05;56.54;57.07;57.43;57.88;58.41;58.87;59.22;59.59;60.1;60.48;60.82;61.19;61.64;60.71;60.59
Greece;69.3;70.32;70.25;70.61;70.57;71.43;71.75;71.3;71.43;72.0;72.77;73.01;72.78;72.98;73.42;73.38;73.63;73.67;74.36;74.62;74.55;74.96;75.25;75.52;75.77;76.08;76.48;76.28;76.98;76.69;76.94;77.14;77.38;77.39;77.64;77.59;77.69;78.14;77.84;77.99;77.89;78.39;78.64;78.84;79.04;79.24;79.44;79.44;79.94;80.19;80.39;80.73;80.63;81.29;81.39;81.04;81.39;81.29;81.79;81.64;81.29;80.18
Grenada;60.76;61.79;62.88;64.08;64.84;64.73;64.66;64.65;65.5;65.86;66.22;66.48;66.82;67.22;67.58;67.97;68.15;67.47;67.67;67.9;68.14;68.45;68.71;64.22;69.32;69.58;69.77;69.94;70.17;70.42;70.68;70.97;71.29;71.58;71.79;72.11;72.33;72.57;72.81;72.9;72.78;73.12;73.17;73.19;71.79;73.52;73.7;74.32;74.66;75.04;75.0;75.3;75.04;75.12;74.98;75.01;74.76;74.77;74.81;74.86;74.92;74.94
Greenland;;;;;;;;;;;;;;;;;;;63.41;63.95;63.45;63.07;63.19;63.3;63.47;63.83;64.25;64.65;64.58;64.67;65.07;65.03;65.2;65.59;65.9;65.64;65.77;65.8;66.16;66.49;66.1;66.73;67.15;68.02;68.64;68.42;68.62;69.32;70.02;70.53;70.29;69.82;70.55;71.57;71.99;71.98;71.83;71.64;71.89;72.04;71.64;71.15
Guatemala;45.81;46.47;46.99;47.41;47.71;47.81;47.76;47.98;48.3;48.55;49.44;50.48;51.64;53.0;54.04;54.82;49.17;55.82;55.96;56.19;56.02;55.97;50.13;58.72;59.56;60.2;60.77;61.43;62.03;62.37;62.47;62.73;62.91;63.35;63.73;64.19;64.86;65.54;66.11;66.87;67.45;67.95;68.39;68.8;69.17;69.17;69.81;70.1;70.36;70.64;70.88;71.18;71.46;71.73;71.96;72.1;72.36;72.55;72.73;73.13;71.8;69.24
Guam;60.9;61.4;61.71;62.36;62.88;62.89;62.78;63.57;64.15;64.55;64.83;65.19;65.35;65.75;66.01;66.58;67.03;67.92;68.69;69.58;69.86;70.08;70.32;70.59;70.82;71.07;71.33;71.56;71.89;72.16;72.47;72.5;72.72;72.95;73.06;73.29;73.09;73.35;73.63;74.07;74.42;75.41;75.79;76.5;76.92;77.18;77.14;77.1;77.19;77.09;76.88;76.87;76.71;76.72;76.75;76.62;76.88;77.16;77.44;77.72;76.61;76.66
Guyana;58.03;58.46;58.86;59.2;59.49;59.74;59.94;60.11;60.26;60.38;60.47;60.55;60.64;60.68;60.76;60.82;60.89;60.95;61.05;61.13;61.23;61.31;61.41;61.49;61.59;61.66;61.8;61.95;62.09;62.24;62.41;62.62;62.79;63.15;63.37;63.14;63.2;63.36;63.9;64.17;64.48;64.79;64.73;64.6;64.93;65.13;65.67;66.25;66.29;66.56;66.74;66.98;67.23;67.47;67.88;68.2;68.38;68.67;68.9;69.12;68.49;65.67
High income;68.41;68.82;68.78;69.01;69.5;69.62;69.89;70.17;70.03;70.17;70.46;70.77;71.01;71.19;71.58;71.89;72.16;72.56;72.7;73.04;73.07;73.45;73.77;73.87;74.15;74.26;74.51;74.78;74.89;75.12;75.26;75.45;75.71;75.78;76.06;76.12;76.48;76.8;77.0;77.14;77.45;77.75;77.91;78.03;78.46;78.57;78.89;79.12;79.28;79.58;79.76;80.03;80.15;80.34;80.6;80.48;80.64;80.68;80.77;80.98;80.08;79.92
Hong Kong SAR, China;65.87;66.56;66.98;67.69;68.45;69.25;69.54;69.93;70.36;70.57;71.05;71.46;71.46;72.11;72.61;73.37;72.82;73.32;73.58;73.67;74.67;75.32;75.43;75.28;76.03;76.43;76.69;76.88;77.08;77.03;77.38;77.88;77.68;78.03;78.53;78.68;79.63;80.13;80.13;80.38;80.88;81.42;81.43;81.38;81.83;81.63;82.38;82.33;82.38;82.78;82.98;83.42;83.48;83.83;83.98;84.28;84.23;84.68;84.93;85.18;85.5;85.49
Honduras;48.32;48.73;49.67;50.25;50.81;51.47;52.09;52.63;53.35;53.9;54.44;54.97;55.61;54.41;52.31;57.55;58.16;58.75;59.33;59.91;60.48;61.02;61.53;62.14;62.64;63.0;63.59;64.03;64.34;64.86;65.24;65.75;65.99;66.25;66.57;67.14;67.44;67.78;62.72;68.42;68.66;69.01;69.37;69.51;69.8;70.1;70.26;70.38;70.44;70.91;71.09;71.44;71.73;71.96;72.26;72.49;72.59;72.69;72.81;72.88;71.46;70.12
Heavily indebted poor countries (HIPC);40.74;41.07;41.62;41.76;42.25;42.4;42.33;42.98;43.31;43.57;43.88;44.22;44.02;44.76;44.8;45.17;45.84;46.21;46.39;46.8;47.21;47.52;47.74;46.53;46.4;46.76;47.58;48.3;48.11;49.18;49.21;49.21;49.19;49.8;50.16;50.67;50.79;51.14;50.95;51.84;52.66;53.13;53.63;54.23;54.74;55.41;56.23;56.89;57.5;58.24;58.58;59.48;60.08;60.64;61.15;61.61;62.16;62.55;62.95;63.34;62.76;62.3
Croatia;65.48;66.18;66.47;66.86;67.29;67.83;68.12;68.3;68.39;68.66;68.81;69.14;69.44;69.85;70.14;70.0;70.46;70.74;70.54;70.43;70.18;70.34;70.48;70.27;70.22;70.89;71.42;71.47;71.49;71.84;72.17;72.19;71.24;71.52;71.8;72.08;72.37;72.5;72.32;72.64;72.81;74.51;74.72;74.61;75.52;75.24;75.84;75.71;75.91;76.17;76.48;76.78;76.92;77.13;77.48;77.28;78.02;77.83;78.07;78.42;77.72;76.42
Haiti;43.5;43.91;44.29;42.77;44.97;45.35;45.59;46.12;46.51;46.91;47.34;47.72;47.95;48.21;48.42;48.68;48.96;49.21;49.43;49.67;49.9;50.27;50.55;50.87;51.12;51.52;51.88;52.24;52.63;52.76;52.98;53.39;53.84;54.35;54.65;55.55;56.15;56.52;57.13;57.96;58.37;58.49;58.85;59.51;58.48;60.41;60.76;61.1;61.33;61.74;46.02;61.62;62.29;62.6;62.99;63.24;63.39;63.85;64.02;64.25;64.05;63.19
Hungary;68.0;68.94;67.87;68.87;69.38;69.07;69.82;69.41;69.23;69.31;69.16;69.05;69.66;69.52;69.25;69.29;69.57;69.85;69.39;69.62;69.06;69.14;69.36;68.97;69.03;68.97;69.17;69.65;70.02;69.46;69.32;69.38;69.12;69.1;69.47;69.79;70.33;70.7;70.56;70.68;71.25;72.25;72.35;72.3;72.65;72.65;73.1;73.15;73.7;73.9;74.21;74.86;75.06;75.57;75.76;75.57;76.06;75.82;76.07;76.32;75.57;74.47
IBRD only;45.83;48.67;52.36;52.83;53.35;53.06;53.75;54.24;54.94;55.35;55.89;56.52;56.97;57.64;58.2;58.8;59.35;59.9;60.38;60.88;61.31;61.76;62.22;62.67;63.07;63.49;63.99;64.34;64.64;64.99;65.2;65.47;65.77;66.02;66.29;66.63;66.96;67.33;67.69;67.9;68.24;68.65;68.99;69.26;69.5;69.92;70.28;70.57;70.79;71.17;71.45;71.8;72.14;72.49;72.85;73.15;73.42;73.64;73.93;74.13;73.38;72.12
IDA & IBRD total;45.32;47.75;50.89;51.34;51.88;51.67;52.32;52.79;53.45;53.85;54.21;54.32;55.35;55.99;56.46;56.98;57.52;58.07;58.51;58.99;59.42;59.84;60.24;60.55;60.89;61.25;61.72;62.06;62.28;62.67;62.86;63.02;63.3;63.53;63.79;64.08;64.34;64.71;65.02;65.37;65.7;66.08;66.41;66.69;66.93;67.32;67.72;68.0;68.18;68.6;68.9;69.27;69.59;69.91;70.24;70.52;70.8;71.04;71.32;71.53;70.82;69.78
IDA total;42.85;43.36;43.95;44.26;44.92;45.11;45.6;46.03;46.54;46.89;46.41;44.11;47.87;48.4;48.51;48.69;49.27;49.85;50.22;50.65;51.15;51.53;51.76;51.55;51.69;51.93;52.35;52.71;52.67;53.31;53.54;53.31;53.63;53.88;54.23;54.42;54.56;55.01;55.25;56.19;56.64;57.02;57.42;57.87;58.19;58.61;59.25;59.6;59.78;60.46;60.91;61.46;61.78;62.11;62.42;62.75;63.17;63.54;63.88;64.21;63.75;63.4
IDA blend;43.13;43.74;44.53;45.22;45.82;46.38;47.09;47.19;48.05;48.61;49.49;48.23;50.52;50.98;51.31;51.8;52.29;52.66;53.02;53.36;53.86;54.39;54.61;54.96;55.16;55.17;55.14;55.05;55.17;55.29;55.36;55.21;55.02;54.83;54.69;54.45;54.6;54.66;54.92;55.35;55.78;56.03;56.38;56.7;57.03;57.06;57.86;58.11;58.4;58.74;59.08;59.46;59.65;59.96;60.13;60.36;60.56;60.88;61.08;61.33;61.01;60.68
Indonesia;46.45;47.12;47.87;48.43;49.23;42.6;48.2;51.07;51.63;52.35;52.99;53.58;54.24;54.85;55.43;55.97;56.51;57.08;57.56;58.15;58.75;59.14;59.76;60.27;60.73;61.31;61.72;61.97;62.21;62.7;63.18;63.54;64.13;64.6;64.86;65.24;65.36;65.73;65.96;66.22;66.43;66.76;67.13;67.41;65.75;67.65;67.91;68.19;68.23;68.49;68.68;68.82;68.97;69.26;69.53;69.7;69.8;69.94;70.34;70.52;68.81;67.57
IDA only;42.72;43.19;43.69;43.84;44.53;44.55;44.94;45.52;45.88;46.14;45.05;42.29;46.69;47.25;47.26;47.31;47.91;48.58;48.95;49.41;49.91;50.2;50.41;49.94;50.04;50.39;51.02;51.58;51.46;52.35;52.65;52.37;52.95;53.41;54.0;54.41;54.54;55.18;55.41;56.61;57.06;57.51;57.95;58.45;58.77;59.39;59.94;60.35;60.48;61.33;61.83;62.47;62.85;63.19;63.58;63.96;64.47;64.87;65.28;65.64;65.11;64.75
Isle of Man;64.41;63.63;64.29;63.52;64.84;64.98;65.27;65.97;65.62;65.19;65.68;65.96;65.37;66.56;65.99;66.92;67.16;67.28;67.51;67.88;68.3;69.08;69.1;69.72;69.88;69.48;70.29;70.68;71.24;70.92;71.96;72.15;73.08;72.31;73.34;73.26;73.76;73.69;74.6;73.67;74.72;75.51;75.42;76.1;76.97;77.62;78.19;78.33;78.45;78.68;78.98;79.19;79.34;79.47;80.04;78.91;80.31;80.46;80.6;80.74;80.59;80.53
India;45.22;45.4;45.66;45.94;46.18;44.98;45.33;45.67;47.47;47.86;48.24;48.63;49.02;49.54;50.24;50.81;51.39;51.91;52.49;53.06;53.61;54.17;54.73;55.28;55.82;56.33;56.84;57.31;57.78;58.23;58.65;59.05;59.45;59.81;60.22;60.6;60.98;61.39;61.79;62.21;62.67;63.09;63.62;64.09;64.52;65.0;65.41;65.79;66.15;66.51;66.91;67.36;67.89;68.46;69.07;69.64;70.12;70.47;70.71;70.91;70.15;67.24
Not classified;;;;;;;;;;;;;;;;;;;;;;;;;;;;;;;;;;;;;;;;;;;;;;;;;;;;;;;;;;;;;;
Ireland;70.19;69.68;69.99;70.23;70.49;70.69;70.22;71.25;70.94;70.85;70.9;71.68;71.02;71.24;71.18;71.75;71.86;72.0;72.0;72.27;72.6;72.95;73.21;73.24;73.66;73.62;73.67;74.43;74.44;74.46;74.85;75.03;75.42;75.29;75.79;75.47;75.83;75.99;76.18;76.08;76.54;77.13;77.63;78.14;78.54;78.94;79.24;79.64;80.1;80.19;80.74;80.75;80.85;80.95;81.35;81.45;81.65;82.16;82.2;82.7;82.56;82.1
Iran, Islamic Rep.;43.96;44.55;44.27;45.62;46.2;46.74;47.42;48.03;48.14;49.44;50.2;51.12;51.66;52.95;53.85;54.76;55.7;56.58;55.93;58.55;58.54;56.72;57.73;58.75;61.22;61.89;62.49;62.82;63.45;65.72;64.37;66.46;66.78;67.14;67.47;67.78;68.07;68.36;68.73;69.3;69.69;69.95;70.44;69.82;71.37;71.84;72.28;72.77;72.62;72.7;73.07;73.68;74.19;74.45;74.78;75.12;75.6;75.97;76.19;76.1;74.83;73.88
Iraq;52.62;53.41;54.33;54.95;55.63;56.62;57.35;58.37;58.78;59.32;60.19;60.91;61.39;62.03;60.9;61.46;63.72;64.23;64.4;64.79;61.5;59.33;59.73;60.06;60.22;60.68;60.87;61.18;57.47;58.23;58.44;62.52;66.71;66.9;66.74;66.46;66.39;65.84;65.49;66.18;66.82;67.03;67.08;65.64;65.03;64.84;63.59;63.55;64.94;66.45;67.06;67.66;68.02;68.25;68.91;69.44;68.99;70.41;71.51;71.58;69.12;70.38
Iceland;73.76;73.5;73.72;73.04;73.54;73.87;73.3;73.78;74.01;73.78;73.93;73.57;74.46;74.45;74.51;75.58;76.97;76.37;76.65;76.77;76.85;76.52;77.04;76.85;77.58;77.6;77.99;77.34;77.08;78.14;78.04;77.99;78.76;78.93;79.25;77.98;78.78;78.89;79.6;79.35;79.65;80.69;80.5;80.96;81.0;81.5;81.16;81.45;81.61;81.75;81.9;82.36;82.92;82.06;82.86;82.47;82.2;82.66;82.86;83.16;83.06;83.12
Israel;;72.01;72.11;;;;72.29;71.51;71.06;70.97;71.21;71.72;71.08;71.69;71.66;72.05;72.96;72.96;73.21;73.51;73.88;74.26;74.11;74.46;74.81;75.21;74.96;75.26;74.44;76.31;76.61;76.76;76.5;77.15;77.4;77.45;78.1;78,0;78.15;78.66;78.95;79.41;79.45;79.65;80.15;80.15;80.55;80.5;80.95;81.4;81.6;81.66;81.7;82.06;82.15;82.05;82.41;82.55;82.8;82.8;82.65;82.5
Italy;69.12;69.76;69.15;69.25;70.31;70.17;70.93;70.96;70.78;70.81;71.56;71.81;72.08;72.03;72.73;72.65;72.99;73.36;73.69;74.0;73.94;74.35;74.81;74.64;75.39;75.47;75.77;76.22;76.37;76.82;76.97;77.02;77.42;77.72;77.92;78.17;78.52;78.82;78.98;79.42;79.78;80.13;80.23;79.98;80.78;80.78;81.28;81.43;81.49;81.64;82.04;82.19;82.24;82.69;83.09;82.54;83.24;82.95;83.35;83.5;82.2;82.8
Jamaica;64.04;64.39;64.49;65.27;65.62;65.97;66.36;66.44;66.27;66.38;66.7;66.8;67.1;67.55;67.84;68.05;68.42;68.53;68.75;69.05;69.44;69.86;70.24;70.16;70.27;70.52;70.73;71.27;71.54;72.16;72.3;72.19;72.19;71.92;71.74;71.55;71.49;71.21;70.99;70.97;70.94;70.76;70.89;70.81;70.86;71.04;71.2;71.42;71.61;72.12;72.62;73.09;73.43;73.41;72.98;72.39;72.02;71.91;71.79;71.77;71.87;70.5
Jordan;52.62;53.67;54.66;55.58;56.56;57.41;57.87;59.01;59.75;60.44;59.87;61.61;62.35;62.91;63.43;63.96;64.49;64.98;65.44;65.85;66.26;66.71;67.15;67.56;67.92;68.26;68.57;68.88;69.25;69.57;69.85;70.09;70.32;70.52;70.7;70.87;71.06;71.27;71.47;71.69;71.92;72.15;72.36;72.57;72.77;72.93;73.14;73.37;73.59;73.8;74,0;74.19;74.37;74.56;74.79;75.01;75.22;75.5;75.77;76.04;75.18;74.26
Japan;67.7;68.35;68.63;69.71;70.21;70.27;70.92;71.47;71.61;71.86;71.92;72.81;73.15;73.3;73.67;74.25;74.69;75.26;75.58;76.11;75.99;76.39;76.87;76.92;77.29;77.56;78.01;78.43;78.35;78.77;78.84;79.04;79.08;79.3;79.7;79.54;80.22;80.42;80.5;80.46;81.08;81.42;81.69;81.76;82.03;81.96;82.32;82.51;82.59;82.93;82.84;82.59;83.1;83.33;83.59;83.79;83.98;84.1;84.21;84.36;84.56;84.45
Kazakhstan;58.37;58.5;58.62;58.94;59.16;59.46;59.7;59.87;60.0;60.19;60.42;60.65;60.99;61.28;61.52;61.79;61.64;61.85;62.07;62.25;66.62;66.71;66.79;67.66;68.54;68.54;68.91;69.29;68.85;68.29;68.34;67.6;67.4;65.4;64.9;63.5;63.6;64,0;64.5;65.63;65.45;65.76;65.95;65.74;66.06;65.86;66.15;66.34;67.11;68.39;68.45;68.69;69.52;70.62;71.44;71.97;72.41;72.95;73.15;73.18;71.37;70.23
Kenya;48.68;49.53;50.22;50.81;51.33;51.7;52.1;52.45;52.78;53.17;53.58;54.26;55.01;55.68;55.63;55.83;55.9;56.49;56.94;57.72;58.5;61.16;60.95;61.01;60.8;60.58;60.22;60.04;59.54;59.04;58.61;58.01;57.26;56.62;56.27;55.62;55.16;54.82;54.53;54.49;54.41;54.51;54.99;55.6;56.36;57.34;58.22;58.87;59.61;60.37;60.65;61.05;61.12;61.39;61.82;61.89;62.16;62.48;62.68;62.94;62.67;61.43
Kyrgyz Republic;55.08;55.32;55.65;55.98;56.18;56.41;56.81;57.03;57.36;57.67;58.01;58.3;58.61;58.99;59.33;59.46;59.67;60.04;60.38;60.8;61.08;61.35;61.67;62.18;62.42;63.02;63.33;63.66;63.92;67.91;68.3;68.55;68.1;67.19;66.04;65.79;66.54;66.89;67.05;68.66;68.56;68.71;68.16;68.26;68.15;67.96;67.7;67.9;68.45;69.1;69.3;69.6;70.0;70.2;70.4;70.65;70.95;71.2;71.4;71.6;71.8;71.9
Cambodia;42.36;42.79;43.32;43.9;44.4;44.79;45.36;45.51;45.79;46.24;39.13;39.51;40.22;40.02;39.8;11.99;12.01;28.91;36.98;42.28;47.57;48.18;48.74;49.48;50.23;51.04;51.51;53.45;54.28;54.8;55.43;55.79;56.02;56.08;56.03;56.31;56.35;56.74;57.03;57.69;58.62;59.97;61.23;62.52;63.55;64.29;65.06;65.73;66.47;67.44;67.71;68.42;68.92;69.3;69.74;69.87;70.22;70.52;70.56;70.69;70.42;69.58
Kiribati;47.87;48.38;48.96;49.62;50.32;51.04;51.78;52.52;53.22;53.88;54.53;55.1;55.48;55.97;56.27;56.47;56.63;56.03;56.91;57.08;57.29;57.49;57.72;57.98;58.27;58.59;58.97;59.41;59.9;60.41;60.92;61.42;61.89;62.32;62.7;63.01;63.29;63.58;63.85;64.14;64.41;64.66;64.84;64.95;64.99;64.97;64.91;64.84;64.83;64.89;65.02;65.19;65.38;65.59;65.81;66.06;66.33;66.6;66.86;67.15;67.27;67.42
St. Kitts and Nevis;55.91;55.82;57.18;58.61;59.04;59.59;60.02;60.5;60.8;60.82;61.29;60.75;60.19;60.27;61.72;63.1;63.68;63.78;63.35;63.23;63.36;63.88;64.28;64.63;65.28;65.8;65.51;65.48;65.45;64.99;65.19;66.15;66.97;67.58;67.29;67.15;67.31;67.85;67.69;68.71;69.78;70.2;70.45;70.77;71.3;71.36;71.29;71.37;71.37;71.39;71.27;71.54;71.67;71.46;70.97;70.76;71.74;71.84;71.47;71.57;71.63;71.68
Korea, Rep.;54.32;54.92;55.52;55.97;57.17;58.24;59.5;61.29;61.56;62.05;62.16;62.61;63.01;63.41;63.8;64.15;64.5;64.9;65.2;65.55;66.05;66.55;67.1;67.55;68.2;68.8;69.45;70.0;70.55;71.05;71.6;72.05;72.5;73.0;73.4;73.7;74.15;74.6;75.0;75.41;75.91;76.41;76.77;77.21;77.67;78.17;78.67;79.12;79.52;79.97;80.12;80.57;80.82;81.27;81.72;82.02;82.28;82.63;82.63;83.23;83.43;83.53
Kuwait;56.92;58.02;59.08;60.16;61.16;62.22;63.08;63.99;64.73;65.68;66.53;67.06;67.42;67.58;67.93;67.89;68.21;68.58;69.01;69.68;70.34;71.08;71.5;72.02;72.61;73.07;73.56;74.11;74.52;74.83;73.28;74.22;75.69;75.79;75.76;75.54;75.62;75.88;76.16;76.42;76.72;76.89;76.98;76.98;76.79;76.9;76.89;77.02;77.14;77.44;77.98;78.46;78.81;79.16;79.44;79.56;79.7;79.78;79.72;79.69;76.92;78.67
Latin America & Caribbean (excluding high income);54.49;55.05;55.53;55.99;56.47;56.86;57.28;57.65;58.01;58.38;58.39;59.25;59.65;60.17;60.57;61.08;61.33;61.88;62.24;62.61;63.05;63.52;63.86;64.45;64.88;65.2;65.81;66.25;66.69;67.07;67.36;67.7;68.05;68.4;68.8;69.13;69.53;69.87;70.15;70.6;70.91;71.25;71.54;71.78;72.09;72.47;72.7;72.85;73.1;73.31;73.18;73.69;73.94;74.19;74.43;74.47;74.47;74.64;74.77;74.96;72.84;71.91
Lao PDR;40.79;41.07;42.01;41.33;41.65;42.06;42.1;42.62;42.98;43.21;43.56;43.98;44.25;44.48;45.53;45.89;45.6;45.97;46.21;46.97;48.08;48.73;49.4;49.96;50.53;51.11;51.7;52.15;52.73;53.25;53.71;54.46;54.95;55.44;55.75;56.38;56.89;57.29;57.66;57.87;58.38;59.07;59.53;60.03;60.29;60.98;61.49;62.08;62.6;63.27;63.97;64.74;65.36;65.72;66.36;66.67;67.17;67.43;67.63;68.14;68.5;68.06
Lebanon;64.84;65.29;65.4;65.67;65.95;66.06;66.16;66.52;66.61;66.7;66.76;66.82;66.91;67.23;67.29;58.13;33.74;59.28;59.38;59.47;59.66;59.91;45.13;59.95;60.3;60.49;60.97;61.43;61.72;64.16;64.47;71.18;71.19;71.38;71.68;72.04;72.29;72.78;72.94;73.49;73.93;74.36;75.06;75.59;75.98;76.27;76.08;77.08;77.58;77.89;78.16;78.4;78.63;78.77;78.97;79.23;79.5;79.65;79.73;79.24;77.8;75.05
Liberia;38.33;38.33;38.4;38.47;38.61;38.81;39.08;39.43;39.76;40.19;40.6;40.94;41.48;41.91;42.38;42.77;43.18;43.62;44.05;44.35;44.63;44.98;45.2;45.38;45.44;44.66;45.01;44.53;43.99;43.45;36.69;42.8;42.74;42.17;41.8;43.92;44.42;47.85;48.9;49.95;51.36;52.75;53.79;53.04;56.01;56.91;57.62;58.28;58.77;59.19;59.43;59.62;59.91;59.94;59.12;59.15;60.42;60.55;60.85;61.1;60.95;60.75
Libya;40.27;42.06;43.84;45.3;47.14;48.66;50.13;51.39;52.71;54.0;55.19;56.34;57.49;58.29;59.59;60.81;62.06;62.79;63.57;64.26;64.89;65.36;65.81;66.41;66.87;67.29;67.77;68.2;68.62;68.99;69.42;69.82;70.23;70.42;70.71;71.09;71.28;71.13;71.08;71.06;70.68;70.86;71.0;71.13;71.49;71.59;71.72;71.86;72.27;72.36;72.37;70.07;72.25;72.34;71.51;71.7;71.76;72.48;72.79;72.46;72.47;71.91
St. Lucia;55.72;56.99;58.04;58.89;59.97;60.88;61.8;62.69;63.51;63.85;64.27;64.55;64.65;64.83;65.56;65.92;66.26;66.89;67.33;67.36;67.7;68.47;69.05;69.91;70.38;70.12;70.28;70.0;70.05;70.22;70.33;70.6;70.8;71.11;70.99;71.0;70.9;70.78;70.69;70.71;70.77;71.14;71.47;71.77;72.03;72.25;72.47;72.6;72.7;72.72;72.72;72.94;72.88;72.73;72.86;73.14;73.11;73.13;73.36;73.44;73.42;71.11
Latin America & Caribbean;55.15;55.7;56.15;56.57;57.07;57.47;57.89;58.27;58.65;59.0;59.07;59.88;60.25;60.8;61.22;61.75;61.98;62.55;62.91;63.26;63.69;64.17;64.51;65.05;65.46;65.78;66.37;66.79;67.2;67.54;67.82;68.18;68.51;68.83;69.21;69.52;69.89;70.25;70.51;70.91;71.23;71.49;71.84;72.02;72.34;72.71;72.92;73.07;73.29;73.49;73.39;73.87;74.1;74.35;74.55;74.61;74.58;74.73;74.85;75.04;73.04;72.15
Least developed countries: UN classification;41.22;41.65;42.15;42.27;43.0;42.97;43.36;43.96;44.32;44.56;43.24;40.06;45.04;45.63;45.56;45.48;46.1;46.82;47.14;47.62;48.09;48.42;48.71;47.98;48.05;48.42;49.06;49.63;49.45;50.45;50.7;50.42;51.07;51.62;52.3;52.81;52.95;53.66;53.96;55.2;55.79;56.27;56.75;57.33;57.81;58.35;58.95;59.37;59.51;60.51;60.97;61.69;62.26;62.7;63.12;63.5;64.02;64.41;64.82;65.16;64.63;64.22
Low income;41.09;41.43;41.77;41.93;42.58;42.64;42.47;43.24;43.62;43.91;44.25;44.73;44.53;45.27;45.36;45.65;46.36;46.69;46.92;47.36;47.71;47.93;48.02;46.74;46.56;46.96;47.8;48.52;48.06;49.64;49.7;49.69;49.59;50.41;51.13;50.85;50.98;51.44;51.01;52.24;53.21;53.73;54.21;55.31;55.79;56.39;57.25;57.93;58.5;59.22;59.73;60.3;60.56;60.93;61.31;61.7;62.21;62.62;63.0;63.42;62.95;62.5
Liechtenstein;;;;;;;;;;;;;;;;;;;;;;;;;;;;;;;;;;;78.42;77.39;76.84;76.05;77.75;79.11;76.83;79.28;79.64;79.96;81.77;80.67;80.95;81.3;82.68;81.5;81.84;81.79;82.38;82.26;82.07;82.66;82.26;83.75;83.04;84.16;81.66;84.4
Sri Lanka;60.7;61.33;61.73;61.98;62.17;62.64;63.05;63.51;63.78;63.99;65.27;65.92;65.83;65.94;66.0;66.24;66.51;66.55;67.57;68.13;68.66;69.21;69.67;70.07;70.65;70.97;71.42;71.46;71.55;69.76;71.93;71.75;72.53;73.05;72.88;72.26;72.26;72.14;72.08;72.62;70.36;70.79;71.12;71.37;67.09;72.12;71.97;72.05;71.73;69.19;73.22;73.38;73.91;74.24;74.65;74.93;75.33;75.4;75.75;76.01;76.39;76.4
Lower middle income;46.86;47.21;47.55;47.9;48.31;47.81;48.26;48.53;49.47;49.87;49.82;49.01;50.82;51.38;51.79;52.42;52.93;53.55;54.01;54.55;55.05;55.49;55.94;56.43;56.91;57.32;57.76;58.13;58.5;58.91;59.2;59.41;59.8;60.02;60.27;60.53;60.83;61.22;61.65;62.14;62.44;62.78;63.19;63.54;63.89;64.25;64.65;64.93;65.1;65.55;65.92;66.37;66.77;67.17;67.6;67.99;68.37;68.7;68.93;69.13;68.55;66.91
Low & middle income;44.79;47.28;50.51;50.95;51.49;51.27;51.93;52.43;53.1;53.53;53.89;54.0;55.06;55.7;56.17;56.71;57.26;57.82;58.28;58.76;59.21;59.63;60.04;60.36;60.7;61.08;61.55;61.9;62.12;62.52;62.72;62.88;63.17;63.4;63.67;63.91;64.18;64.54;64.86;65.2;65.54;65.93;66.24;66.57;66.81;67.2;67.6;67.88;68.07;68.5;68.8;69.17;69.49;69.82;70.15;70.44;70.72;70.97;71.25;71.45;70.76;69.72
Lesotho;50.36;50.43;50.41;50.26;50.19;50.06;50.15;50.25;50.43;50.7;51.01;51.29;51.72;52.12;52.37;52.99;53.49;54.05;54.67;55.34;56.06;56.9;57.56;58.09;58.63;59.1;59.45;59.49;59.62;59.53;59.4;59.19;58.55;57.99;58.02;56.72;55.23;53.59;51.78;50.08;48.43;46.85;45.59;44.53;43.71;43.23;42.91;43.12;43.57;44.03;45.6;46.69;47.84;49.0;50.03;51.1;52.26;53.06;53.73;54.17;54.69;53.06
Late-demographic dividend;43.83;48.52;54.79;55.27;55.91;56.39;56.9;57.32;57.69;58.14;58.89;59.6;60.09;60.9;61.45;62.16;62.78;63.38;63.91;64.4;64.88;65.39;65.83;66.2;66.52;66.86;67.34;67.65;67.88;68.12;68.25;68.4;68.7;68.94;69.14;69.41;69.76;70.18;70.61;70.76;71.08;71.62;71.92;72.33;72.64;73.03;73.45;73.74;73.92;74.33;74.62;74.95;75.23;75.52;75.79;76.01;76.26;76.4;76.77;76.99;76.72;76.34
Lithuania;69.85;70.1;69.1;70.2;71.51;71.33;71.52;71.6;71.31;70.93;70.8;71.74;71.02;71.33;71.24;70.87;70.96;70.81;70.6;70.48;70.48;70.46;70.84;70.78;70.32;70.5;72.08;71.93;71.76;71.43;71.16;70.36;70.23;68.91;68.53;69.01;70.11;70.91;71.22;71.57;72.02;71.66;71.76;72.06;71.96;71.25;71.06;70.9;71.81;72.91;73.27;73.56;73.86;73.91;74.52;74.32;74.67;75.48;75.68;76.28;74.98;74.34
Luxembourg;68.59;69.27;68.11;68.72;69.39;69.03;69.18;69.23;69.66;69.48;69.59;69.2;70.32;70.24;70.16;70.3;69.98;71.46;71.5;72.33;72.21;72.37;72.65;72.78;73.05;73.53;74.0;74.08;74.79;74.57;75.44;75.46;75.77;75.71;76.37;76.51;76.52;76.88;77.02;77.77;77.87;77.82;77.97;77.73;79.12;79.43;79.29;79.38;80.54;80.64;80.63;80.99;81.39;81.8;82.23;82.29;82.69;82.1;82.3;82.64;82.14;82.75
Latvia;69.79;70.03;69.43;69.83;71.03;70.73;70.71;70.39;70.04;69.8;69.84;70.16;69.88;69.81;69.74;68.93;69.05;69.1;68.99;68.5;68.81;68.79;69.33;69.12;69.16;69.29;70.62;70.69;70.62;70.16;69.27;69.03;68.4;66.72;65.66;66.39;68.78;69.35;69.01;69.74;70.31;70.76;70.96;71.27;72.03;71.36;70.87;71.02;72.42;73.08;73.48;73.58;73.78;73.98;74.12;74.48;74.58;74.63;74.78;75.39;75.19;73.28
Macao SAR, China;64.97;65.48;65.95;66.39;66.8;67.2;67.65;68.03;68.44;68.84;69.2;69.58;70.04;70.57;71.0;71.42;71.85;72.26;72.69;73.07;73.5;73.93;74.34;74.7;75.08;75.48;75.86;76.27;76.6;77.03;77.42;77.9;78.28;78.63;78.99;79.35;79.97;80.16;80.35;80.65;80.96;81.18;81.29;81.5;81.69;82.03;82.26;82.54;82.89;83.28;83.11;83.23;83.33;83.73;83.88;83.98;84.23;84.56;84.93;84.98;85.18;85.4
St. Martin (French part);67.86;67.7;68.39;69.38;69.5;68.49;69.54;70.03;70.0;70.73;71.57;71.45;71.63;71.82;71.96;72.12;72.23;72.23;72.3;72.39;72.49;72.67;73.02;72.62;72.8;72.62;73.45;73.58;74.23;74.23;74.46;75.92;75.33;75.48;75.65;75.82;75.98;76.15;76.33;76.5;76.66;76.85;77.03;77.21;77.38;77.56;77.73;77.89;78.07;78.24;78.41;78.83;79.02;78.91;79.97;79.31;79.47;78.59;80.61;79.98;80.15;80.38
Morocco;42.02;43.8;44.3;44.82;45.39;45.97;46.56;47.19;47.78;48.31;48.81;49.24;49.72;50.17;50.67;51.24;51.94;52.7;53.5;54.35;55.22;56.04;56.9;57.72;58.49;59.29;60.04;60.71;61.32;61.9;62.45;62.95;63.4;63.87;64.35;64.74;65.24;65.63;66.02;66.41;66.79;67.18;67.55;67.92;68.23;68.7;69.13;69.6;70.05;70.46;70.83;71.27;71.68;72.12;72.54;72.92;73.28;73.66;73.99;74.27;73.92;74.04
Monaco;;;;;;;;;;;;;;;;;;;;;;;;;;;;;;;;;;;;;;;;;;;;;;;;;;;;;;;;;;;;;;
Moldova;61.07;61.45;61.92;62.35;62.81;63.15;63.39;63.61;63.74;63.87;63.88;63.8;63.95;64.16;64.21;64.35;64.5;64.51;64.52;64.81;65.17;65.61;66.18;65.68;65.68;65.69;67.64;68.12;68.16;68.67;68.07;66.98;66.96;66.54;65.07;65.1;64.24;65.17;65.5;65.56;66.42;66.79;66.94;67.42;67.86;68.17;68.48;68.95;69.39;69.57;69.36;69.19;69.14;69.1;69.03;69.24;69.92;70.52;70.49;70.94;70.17;68.85
Madagascar;43.24;43.64;44.06;44.45;44.87;45.22;45.57;46.03;46.52;47.02;47.51;47.89;48.34;48.83;49.22;49.53;49.67;49.76;49.81;49.85;49.82;49.73;49.63;49.57;49.55;49.64;49.81;50.21;50.59;51.11;51.7;52.36;53.04;53.91;54.44;54.96;55.52;56.22;56.92;57.37;57.94;58.57;58.89;59.49;60.15;60.57;61.31;61.76;62.14;62.73;62.87;63.49;63.54;63.96;64.25;64.34;65.0;65.09;65.27;65.88;65.18;64.48
Maldives;38.53;38.98;39.46;40.07;40.72;41.38;42.05;42.77;43.55;44.27;45.07;46.12;47.11;48.21;49.36;50.52;51.59;52.63;51.1;54.68;55.62;56.42;57.3;58.09;58.92;59.75;60.52;61.31;62.13;62.85;63.58;64.3;65.01;65.74;66.51;67.48;68.7;69.22;69.57;70.09;70.88;72.18;73.29;74.06;73.54;74.75;75.13;75.69;76.54;77.07;77.66;78.12;78.68;79.06;79.42;79.69;79.87;79.94;80.01;80.12;79.88;79.92
Middle East & North Africa;44.76;46.01;46.32;46.91;47.59;48.2;49.22;49.7;50.14;50.75;51.34;52.04;52.61;53.22;54.04;54.66;55.14;56.41;56.98;58.17;58.57;58.52;59.0;60.49;61.73;62.5;63.06;63.75;64.12;65.04;65.06;66.2;66.77;67.1;67.3;67.61;67.99;68.26;68.5;68.92;69.28;69.63;69.98;69.86;70.34;70.63;70.84;71.18;71.47;71.82;72.11;72.37;72.28;72.34;72.62;72.89;73.15;73.61;73.81;73.96;72.95;72.75
Mexico;55.02;55.83;56.6;57.31;57.95;58.5;58.98;59.42;59.84;60.25;60.69;61.16;61.61;62.05;62.46;62.81;63.12;63.43;63.78;64.19;64.7;65.31;65.97;66.64;67.29;67.87;68.39;68.84;69.25;69.62;69.97;70.3;70.62;70.94;71.28;71.65;72.04;72.44;72.84;73.22;73.57;73.87;74.11;74.27;74.37;74.38;74.33;74.24;74.15;74.12;74.19;74.36;74.57;74.74;74.8;74.68;74.41;74.14;74.02;74.2;70.13;70.21
Marshall Islands;53.82;54.32;54.93;55.52;56.05;56.56;57.05;57.52;57.92;58.23;58.54;58.93;59.35;59.75;60.08;60.3;60.49;60.63;60.74;60.87;61.02;61.18;61.4;61.67;61.93;62.11;62.16;62.14;62.16;62.19;62.18;62.28;62.38;62.48;62.56;62.77;63.03;63.23;63.36;63.48;63.27;63.64;63.72;63.74;63.7;63.59;63.49;63.36;63.24;63.23;63.23;63.26;63.37;63.46;63.62;63.83;64.06;64.27;64.5;64.75;64.98;65.27
Middle income;45.03;47.66;51.08;51.53;52.08;51.84;52.55;53.04;53.73;54.16;54.53;54.62;55.76;56.4;56.9;57.45;58.0;58.58;59.06;59.55;60.01;60.44;60.87;61.31;61.7;62.08;62.53;62.86;63.14;63.45;63.67;63.85;64.18;64.39;64.62;64.92;65.21;65.58;65.97;66.26;66.55;66.95;67.27;67.55;67.77;68.17;68.54;68.8;68.97;69.39;69.68;70.04;70.39;70.72;71.06;71.35;71.63;71.86;72.15;72.35;71.65;70.55
North Macedonia;56.22;57.8;57.52;56.7;58.99;60.0;61.96;62.13;62.86;63.03;63.72;64.62;65.55;65.94;66.59;66.99;67.75;68.44;69.36;69.65;69.25;69.81;69.96;69.48;70.02;70.08;70.38;70.38;70.82;71.14;71.23;71.84;71.24;71.93;71.69;71.85;72.5;72.45;72.3;72.79;72.95;73.44;73.04;73.24;73.6;73.7;73.9;73.8;74.4;74.45;75.0;75.1;74.9;75.4;75.45;75.4;75.4;75.95;76.65;76.6;74.4;74.54
Mali;29.75;29.83;29.94;30.15;30.42;30.62;30.87;31.21;31.63;32.05;32.53;32.94;33.86;34.56;35.43;36.23;37.2;38.11;39.06;39.95;40.75;41.22;41.82;42.14;42.7;43.21;43.98;44.69;45.39;45.88;46.62;47.22;47.5;47.73;47.74;47.82;47.79;48.53;49.16;49.8;50.54;51.28;52.22;52.89;53.54;54.0;54.62;54.94;55.29;55.87;56.38;56.76;57.08;57.36;57.9;58.36;58.73;59.13;59.39;59.66;58.63;58.94
Malta;68.21;68.01;68.39;67.87;68.8;68.4;68.63;69.01;69.66;68.81;69.07;69.22;70.72;70.47;71.51;71.53;71.47;71.69;71.79;71.89;72.04;72.54;70.83;72.52;72.88;73.06;73.62;74.51;74.71;75.3;75.88;75.36;75.28;76.6;76.5;77.29;77.34;77.74;77.59;77.5;78.35;78.84;78.74;78.55;79.25;79.3;79.44;79.79;79.64;80.24;81.4;80.75;80.75;81.75;82.05;81.9;82.45;82.35;82.45;82.86;82.35;82.86
Myanmar;43.91;44.38;45.02;45.64;46.5;47.46;48.37;49.3;50.1;50.34;50.71;51.22;51.5;51.87;52.25;52.52;52.98;53.3;53.47;53.94;54.36;54.65;54.95;55.2;55.47;55.64;55.88;56.08;56.09;56.56;56.66;57.01;57.25;57.63;57.96;58.26;58.94;59.24;59.79;59.88;60.16;60.42;60.73;60.98;61.25;61.6;61.89;62.37;56.51;63.16;63.33;63.9;64.14;64.81;65.06;65.56;65.69;65.84;66.47;66.61;66.8;65.67
Middle East & North Africa (excluding high income);44.62;45.34;45.61;46.77;47.44;48.05;48.56;49.03;49.45;50.06;50.63;51.3;51.86;52.43;53.24;53.85;54.28;55.6;56.14;57.36;57.72;57.57;58.05;59.63;60.94;61.73;62.31;63.02;63.39;64.33;64.35;65.58;66.16;66.47;66.65;66.97;67.36;67.63;67.85;68.28;68.64;68.97;69.33;69.14;69.62;69.91;70.09;70.43;70.68;71.02;71.28;71.52;71.38;71.41;71.7;71.99;72.26;72.77;72.98;73.14;72.17;71.9
Montenegro;64.87;65.42;65.9;66.82;67.15;67.99;68.85;68.87;69.24;69.01;69.09;69.53;70.37;70.59;71.22;71.17;71.57;71.35;71.14;70.48;71.61;71.24;71.18;71.13;72.77;73.85;74.25;75.09;76.24;75.54;75.57;75.68;74.37;74.63;73.25;74.11;73.46;73.48;73.31;72.64;73.82;74.07;73.91;73.93;74.56;73.98;73.84;74.34;75.14;75.14;75.99;75.98;76.2;76.49;76.44;76.45;76.44;76.49;76.84;76.68;75.93;73.82
Mongolia;44.98;46.07;47.11;48.06;48.92;49.62;50.19;50.89;51.46;52.0;52.68;53.34;54.02;54.63;55.22;55.65;55.43;55.5;55.55;55.57;55.64;55.69;55.78;56.23;56.69;56.84;56.91;57.39;57.87;58.34;58.77;59.24;59.64;60.04;60.41;60.61;60.3;60.81;61.77;62.53;62.88;63.28;63.52;64.21;64.8;64.88;65.51;65.97;66.38;66.77;67.18;67.44;68.11;68.58;69.05;69.5;69.86;70.24;71.2;71.82;72.14;70.97
Northern Mariana Islands;;;;;;;;;;;;;;;;;;;;;;;;;;;;;;;;;;;;;;;;;;;;;;;;;;;;;;;;;;;;;;
Mozambique;41.22;41.59;41.83;41.93;41.67;41.7;41.64;41.66;41.67;41.71;41.76;41.74;41.59;41.71;42.06;42.58;42.63;42.7;42.8;42.74;42.8;40.54;40.7;40.83;38.38;38.66;40.68;40.84;43.84;44.14;44.47;44.66;44.95;45.35;45.61;46.04;46.64;47.41;48.02;48.81;49.49;50.06;50.59;50.87;51.25;51.56;51.96;52.57;53.16;53.79;54.2;54.87;55.64;56.49;57.27;58.15;59.04;59.77;60.53;61.17;61.17;59.33
Mauritania;44.77;45.44;46.05;46.69;47.45;48.06;48.73;49.37;50.04;50.63;51.04;51.39;51.66;51.9;52.18;52.65;52.92;53.37;53.85;54.47;55.06;55.66;56.27;56.68;57.16;57.58;57.99;58.58;59.14;59.32;59.77;59.94;60.26;60.38;60.34;60.26;60.06;60.45;60.61;60.82;61.03;61.19;61.27;61.35;61.59;61.66;61.89;62.23;62.4;62.8;63.1;63.35;63.58;63.91;64.16;64.48;64.77;65.08;65.31;65.69;64.53;64.36
Mauritius;55.47;56.52;57.49;58.35;59.14;59.57;59.15;58.32;58.67;59.85;61.0;60.99;60.73;61.06;61.64;62.36;62.87;63.76;64.59;65.31;65.82;66.55;67.03;67.29;67.34;67.49;67.77;68.1;68.36;68.95;69.4;69.96;70.06;70.11;70.16;70.33;70.32;70.4;70.61;70.96;71.66;71.77;71.97;72.12;72.27;72.43;72.43;72.57;72.57;72.88;72.97;73.27;73.86;74.02;74.19;74.35;74.39;74.51;74.42;74.24;74.18;73.68
Malawi;35.2;35.33;35.65;35.62;35.69;35.72;35.87;35.9;36.04;36.32;36.73;37.24;37.9;38.54;39.27;40.22;41.23;42.23;43.29;44.27;45.09;45.7;45.99;46.04;45.58;44.95;44.34;43.81;43.38;43.34;43.32;43.31;43.41;43.39;43.56;43.64;43.44;43.13;42.85;43.57;44.52;45.9;47.22;48.79;50.45;52.04;53.24;53.95;54.6;55.45;56.38;57.45;58.68;59.73;60.9;61.38;62.21;62.98;63.28;64.12;63.72;62.9
Malaysia;56.5;57.43;58.4;59.26;60.06;60.95;61.38;61.8;62.19;62.64;63.11;63.58;64.08;64.62;65.21;65.71;66.28;66.81;67.28;67.76;68.25;68.85;69.24;69.57;69.94;70.32;70.46;70.67;70.9;71.12;71.31;71.44;71.53;71.83;72.16;72.38;72.33;72.28;72.17;72.28;72.78;73.34;73.56;73.8;73.9;74.1;74.16;74.21;74.25;74.23;74.44;74.75;74.94;75.03;75.15;75.09;75.29;75.48;75.64;75.76;75.94;74.88
North America;69.89;70.37;70.23;70.05;70.31;70.37;70.38;70.71;70.18;70.69;70.99;71.29;71.33;71.53;72.08;72.69;72.95;73.35;73.47;73.91;73.76;74.15;74.49;74.62;74.74;74.74;74.8;74.96;74.97;75.23;75.44;75.59;75.84;75.65;75.84;75.86;76.24;76.63;76.78;76.81;76.89;77.09;77.19;77.3;77.73;77.75;77.97;78.24;78.3;78.65;78.82;78.92;79.03;79.04;79.14;79.0;78.88;78.87;78.97;79.14;77.46;76.98
Namibia;47.68;48.37;49.09;49.71;50.43;51.04;51.44;52.03;52.6;53.12;53.63;54.24;54.78;55.37;55.89;56.55;57.02;57.55;58.09;58.44;56.77;57.12;57.64;57.97;58.51;59.04;59.55;60.21;60.25;62.64;62.5;62.1;61.55;60.86;59.85;58.63;56.92;55.56;54.1;53.04;51.99;51.26;51.25;51.08;51.25;51.79;52.66;53.68;54.65;55.5;56.02;56.55;57.64;58.69;59.82;60.7;61.68;62.29;62.59;63.08;62.83;59.27
New Caledonia;58.64;59.04;59.44;59.89;60.34;60.79;61.23;61.68;62.13;62.58;63.03;63.48;63.93;64.38;64.82;65.27;65.72;66.17;66.3;66.44;66.57;66.7;66.92;68.59;68.06;68.77;69.06;69.43;69.45;69.09;70.49;70.36;71.61;71.66;70.67;72.01;72.0;71.74;74.38;73.88;75.16;74.83;75.1;75.27;75.47;75.72;76.08;76.48;76.68;76.98;77.28;76.63;77.08;77.18;77.24;77.28;76.93;77.54;80.0;80.42;80.83;79.13
Niger;36.4;36.56;36.64;36.74;36.74;36.75;36.81;36.83;36.61;36.35;36.06;35.29;35.63;35.7;36.0;36.59;36.98;37.64;38.45;39.2;39.68;40.16;40.3;40.36;40.06;40.03;40.13;40.43;40.79;41.22;41.85;42.22;42.95;43.82;44.71;45.77;46.68;47.51;48.19;48.74;49.32;49.84;50.56;51.43;52.59;53.59;54.6;55.55;56.51;57.4;58.37;58.99;59.65;60.24;60.79;61.08;61.63;62.16;62.45;62.9;61.45;61.58
Nigeria;37.37;37.67;37.81;38.19;38.41;38.68;38.8;37.57;38.48;38.72;39.71;40.48;41.27;42.01;42.79;43.66;44.72;45.56;46.02;46.22;46.35;46.49;46.51;46.64;46.55;46.32;45.98;46.02;46.07;46.18;46.04;45.69;45.67;45.79;45.51;45.49;45.57;45.79;46.04;46.61;47.19;47.62;47.93;48.44;48.77;49.3;49.73;50.03;50.23;50.71;50.95;51.36;51.5;51.71;51.79;51.84;52.04;52.3;52.55;52.91;52.89;52.68
Nicaragua;46.12;46.95;47.58;48.3;49.17;50.19;51.32;52.39;53.47;54.32;54.95;55.32;48.63;55.73;55.85;56.04;56.3;56.24;53.57;50.81;57.91;58.2;58.6;56.79;56.13;56.5;57.77;57.66;60.3;62.48;63.1;63.93;64.27;64.69;65.18;65.61;66.05;66.52;65.21;67.12;67.23;67.22;67.18;67.22;67.42;67.94;68.72;69.56;70.59;71.43;72.01;72.42;72.61;72.7;72.81;72.98;73.26;73.55;73.85;74.05;71.8;73.84
Netherlands;73.39;73.65;73.32;73.34;73.7;73.57;73.51;73.8;73.61;73.54;73.59;73.81;73.73;74.14;74.54;74.5;74.65;75.22;75.15;75.61;75.74;75.93;75.99;76.16;76.23;76.28;76.27;76.71;76.89;76.73;76.88;77,0;77.22;76.92;77.38;77.4;77.44;77.79;77.88;77.84;77.99;78.19;78.29;78.49;79.1;79.35;79.7;80.1;80.25;80.55;80.7;81.2;81.1;81.3;81.71;81.51;81.56;81.76;81.81;82.11;81.36;81.46
Norway;73.55;73.55;73.45;73.08;73.6;73.72;74.0;74.07;73.94;73.66;74.09;74.18;74.34;74.44;74.75;74.82;75.04;75.39;75.42;75.41;75.67;75.87;76.01;76.07;76.22;75.92;76.24;76.08;76.22;76.5;76.54;76.98;77.18;77.15;77.69;77.74;78.15;78.14;78.33;78.28;78.63;78.79;78.99;79.39;79.84;80.04;80.34;80.4;80.59;80.8;81.0;81.3;81.45;81.75;82.1;82.3;82.41;82.61;82.76;82.96;83.21;83.16
Nepal;38.56;38.85;39.15;39.45;39.99;40.45;40.87;41.4;41.8;42.33;42.83;43.31;43.69;44.04;44.46;45.04;45.54;46.01;46.68;47.27;47.89;48.39;48.94;49.43;50.23;50.88;51.53;52.48;53.07;54.13;54.83;55.71;56.71;57.62;58.55;59.32;59.98;60.77;61.55;62.11;62.61;63.34;63.26;64.2;64.82;65.46;65.87;66.33;66.42;66.76;66.81;67.31;67.47;67.97;68.08;67.46;68.78;68.91;68.98;69.56;69.25;68.45
Nauru;58.57;58.66;58.86;58.9;59.0;59.29;59.26;59.66;59.82;59.97;60.04;60.34;60.45;60.53;60.86;60.93;61.36;61.46;61.52;61.54;61.55;61.87;61.88;61.84;61.7;61.59;61.49;61.39;61.38;61.4;61.36;61.3;61.22;61.34;61.46;61.32;60.5;59.64;59.22;58.8;58.73;58.28;58.18;58.09;58.07;58.16;58.38;58.53;58.83;59.12;59.64;60.24;60.72;61.23;61.81;62.27;62.7;62.99;63.23;63.48;63.44;63.62
New Zealand;71.24;70.99;71.23;71.28;71.33;71.23;71.12;71.47;71.12;71.47;71.27;71.77;71.83;71.67;71.92;72.22;72.42;72.17;73.02;73.07;72.83;73.62;73.72;73.78;74.37;73.83;74.12;74.18;74.42;74.82;75.38;76.03;76.12;76.43;76.88;76.73;76.79;77.33;78.09;77.89;78.64;78.69;78.85;79.15;79.55;79.85;80.05;80.15;80.35;80.7;80.9;81.16;81.41;81.4;81.46;81.61;81.66;81.86;81.71;82.06;82.26;82.21
OECD members;67.31;67.73;67.75;67.97;68.43;68.56;68.82;69.14;69.03;69.18;69.46;69.76;70.01;70.2;70.59;70.89;71.17;71.58;71.75;72.11;72.18;72.56;72.92;73.05;73.36;73.45;73.77;74.07;74.21;74.45;74.6;74.8;75.07;75.17;75.46;75.55;75.92;76.26;76.46;76.57;76.92;77.2;77.38;77.51;77.9;78.01;78.3;78.51;78.66;78.92;79.09;79.32;79.47;79.67;79.92;79.79;79.91;79.93;80.01;80.22;78.9;78.72
Oman;35.45;36.82;38.19;39.42;40.68;41.88;43.07;44.28;45.52;46.68;47.68;48.93;49.57;50.86;52.1;53.3;55.22;56.26;57.71;59.15;60.45;61.65;62.96;64.22;65.25;66.27;67.01;67.89;68.58;69.16;69.78;70.19;70.66;71.17;71.39;71.99;72.19;72.42;72.97;73.18;73.47;73.81;73.87;74.14;74.33;74.4;74.48;74.46;74.61;74.68;76.27;76.61;77.06;77.25;77.45;77.69;77.92;77.92;77.97;78.0;74.76;72.54
Other small states;51.93;52.33;52.71;52.73;53.25;53.84;54.15;54.43;54.73;54.57;55.01;55.57;56.18;56.58;56.09;56.47;56.74;57.31;57.47;57.89;58.58;58.93;59.37;59.69;60.17;60.53;60.87;61.26;61.43;62.03;62.05;61.99;61.84;61.77;61.43;61.26;61.11;60.71;60.3;59.94;60.43;60.4;60.43;60.57;60.85;61.2;61.8;62.5;63.19;63.81;64.55;65.08;65.63;66.21;66.71;67.29;67.91;68.38;68.5;68.77;68.26;66.99
Pakistan;44.93;45.78;46.61;47.63;48.59;49.44;50.84;51.9;52.9;53.75;54.76;50.35;55.24;55.49;55.47;55.91;56.11;56.25;56.74;57.15;57.61;58.05;58.42;58.95;59.33;59.36;59.46;59.07;59.36;59.62;60.07;60.26;60.12;59.93;60.12;59.88;60.4;60.6;61.09;61.68;62.1;62.42;62.63;62.84;63.05;62.47;63.73;63.85;64.04;64.14;64.44;64.65;64.78;65.15;65.28;65.7;65.88;66.3;66.48;66.76;66.27;66.1
Panama;60.7;61.47;62.15;62.73;63.2;63.56;63.79;64.06;64.31;64.66;65.08;65.79;66.46;67.09;67.65;68.08;68.38;68.6;68.76;68.99;69.25;69.59;69.94;70.27;70.54;70.73;70.83;70.89;70.89;69.94;71.1;71.21;71.46;71.8;72.1;72.39;72.67;72.97;73.28;73.62;74.0;74.41;74.82;75.22;75.54;75.83;76.01;76.15;76.22;76.34;76.45;76.63;76.82;77.04;77.25;77.47;77.65;77.8;77.86;77.81;76.66;76.22
Peru;50.49;51.09;51.31;52.2;52.72;53.18;53.7;54.22;54.75;55.26;47.16;56.16;56.74;57.09;57.48;57.91;58.27;58.62;58.97;59.3;59.59;59.85;60.02;60.16;60.47;61.29;62.02;62.8;63.6;64.35;65.11;65.43;66.15;66.68;67.23;67.64;68.15;68.61;69.08;69.74;70.42;71.04;71.66;72.22;72.67;72.99;73.17;73.22;73.38;73.47;73.71;74.13;74.54;74.97;75.33;75.62;75.79;75.88;76.01;76.16;73.67;72.38
Philippines;59.23;59.62;59.96;60.39;60.54;60.9;61.2;61.45;61.65;61.8;61.69;61.99;61.83;61.64;61.68;61.7;61.61;62.15;62.19;62.35;62.5;62.55;62.78;62.99;63.11;63.51;63.74;64.33;64.9;65.46;65.91;66.3;67.09;67.54;67.94;68.22;68.61;68.88;69.1;69.3;69.41;69.61;69.78;69.92;70.04;70.24;70.28;70.48;70.56;70.63;70.75;70.79;70.88;70.83;71.15;71.27;71.39;71.52;71.69;71.86;72.12;69.27
Palau;;;;;;;;;;;;;;;;;;;;;;;;;;;;;;;69.07;;;;;71.84;;;;;70.49;;;;;69.13;;;;;;;;;;;;;;;;
Papua New Guinea;45.68;46.29;46.66;47.6;48.2;48.82;49.51;50.13;50.84;51.41;52.13;52.58;53.22;53.87;54.48;55.04;55.57;56.04;56.55;57.0;57.44;57.83;58.11;58.37;58.59;58.87;58.96;59.21;59.34;59.58;59.72;59.91;60.22;60.51;60.76;61.05;61.1;61.38;60.63;61.67;61.72;61.77;61.7;61.8;61.76;61.8;61.92;62.03;62.57;62.79;63.04;63.53;63.73;63.96;64.26;64.7;64.84;65.1;65.18;65.47;65.79;65.35
Poland;67.68;67.78;67.43;68.38;68.63;69.43;69.83;69.42;70.22;69.72;69.87;69.61;70.67;70.66;71.12;70.56;70.66;70.4;70.35;70.75;70.1;71.05;71.1;71,0;70.8;70.55;70.85;70.9;71.33;71.04;70.89;70.59;71.09;71.6;71.7;71.89;72.25;72.65;73.0;73.04;73.75;74.2;74.5;74.6;74.85;75.0;75.14;75.24;75.54;75.7;76.25;76.7;76.75;77,0;77.6;77.45;77.85;77.75;77.6;77.9;76.5;75.6
Pre-demographic dividend;39.86;40.14;40.65;40.94;41.38;41.54;41.78;41.81;42.34;42.64;43.2;43.82;44.12;44.99;45.42;45.86;46.46;47.01;47.29;47.63;47.78;48.04;48.2;47.98;47.75;47.89;48.42;47.98;47.54;48.69;48.73;48.65;48.56;49.06;49.9;49.72;49.73;49.97;49.63;50.73;51.47;51.92;52.37;52.88;53.34;53.94;54.58;55.09;55.61;56.31;56.81;57.39;57.87;58.33;58.75;59.12;59.52;59.95;60.35;60.72;60.25;59.87
Puerto Rico;68.93;69.26;69.28;69.48;69.69;69.99;70.25;70.54;70.68;71.0;71.05;71.2;71.3;71.58;71.63;71.92;72.26;72.62;72.82;73.04;73.23;73.36;73.52;73.48;73.53;73.08;73.72;73.84;73.85;73.85;73.89;73.91;73.94;74.03;74.08;74.36;74.58;74.92;75.19;75.54;75.98;76.46;76.73;76.87;77.14;77.24;77.42;77.62;77.84;77.88;78.01;78.32;78.46;78.78;78.93;79.69;80.27;79.26;79.77;79.06;78.04;80.16
Korea, Dem. People's Rep.;54.05;54.5;55.0;55.56;56.16;56.83;57.6;58.41;59.17;59.93;60.57;61.18;61.81;62.39;62.96;63.53;64.14;64.66;65.19;65.67;66.16;66.66;67.17;67.68;68.19;68.68;69.15;69.44;69.8;70.04;70.21;70.31;70.82;71.87;70.72;60.89;60.96;60.97;60.91;60.8;60.76;60.74;60.79;69.55;69.44;69.28;69.08;68.91;68.96;69.73;70.42;70.98;71.63;72.32;72.94;72.78;72.81;72.98;73.03;73.2;73.27;73.28
Portugal;64.01;62.67;64.18;64.79;64.98;65.96;65.49;66.33;66.68;66.28;67.07;66.77;68.32;67.52;68.02;68.31;68.86;70.01;70.32;71.17;71.21;71.61;72.41;72.27;72.51;72.81;73.27;73.67;73.71;74.27;73.97;74.01;74.31;74.51;74.91;75.31;75.26;75.41;75.71;75.96;76.31;76.81;77.07;77.22;77.67;78.07;78.42;78.32;78.52;78.73;79.03;80.47;80.37;80.72;81.12;81.12;81.12;81.42;81.32;81.68;80.98;81.07
Paraguay;60.42;60.76;61.06;61.33;61.58;61.82;61.99;62.15;62.32;62.5;62.68;62.8;62.94;63.07;63.23;63.45;63.7;63.94;64.13;64.45;64.75;65.02;65.39;65.61;65.97;66.31;66.66;67.01;67.32;67.47;67.94;68.17;68.39;68.63;68.82;69.01;69.2;69.33;69.48;69.63;69.75;69.9;70.03;70.3;70.48;70.53;70.78;71.11;71.38;71.64;71.89;72.13;72.45;72.76;72.88;73.19;73.53;73.64;73.57;73.62;73.18;70.26
West Bank and Gaza;;;;;;;;;;;;;;;;;;;;;;;;;;;;;;;67.93;68.31;68.59;68.85;69.41;69.66;70.06;70.4;70.63;70.86;70.39;69.89;70.97;71.05;71.18;72.07;71.92;72.15;72.41;72.61;73.0;73.24;73.47;74.03;72.62;74.41;74.55;74.83;74.79;75.24;74.4;73.47
Pacific island small states;54.54;55.14;55.83;56.45;56.66;57.71;58.18;58.72;59.17;59.41;59.82;60.19;60.46;60.43;61.01;61.05;61.66;61.91;62.36;62.74;62.85;63.04;63.24;63.66;64.1;64.52;64.64;64.92;65.26;65.43;65.7;65.88;66.09;66.27;66.48;66.73;66.91;67.04;67.24;67.31;67.3;67.41;67.21;67.52;67.69;67.83;67.99;67.97;68.12;68.02;68.4;68.53;68.6;68.63;68.64;68.56;68.83;69.12;69.21;69.29;69.36;69.16
Post-demographic dividend;68.87;69.27;69.24;69.44;69.93;70.0;70.22;70.52;70.36;70.48;70.75;71.05;71.25;71.42;71.79;72.09;72.37;72.75;72.89;73.21;73.25;73.59;73.92;74.02;74.28;74.4;74.72;75.01;75.11;75.35;75.47;75.59;75.71;75.72;76.04;76.06;76.44;76.77;76.99;77.1;77.35;77.64;77.8;77.91;78.34;78.43;78.76;79.01;79.15;79.48;79.69;79.95;80.08;80.26;80.52;80.38;80.54;80.58;80.67;80.9;80.0;79.8
French Polynesia;59.67;60.0;60.27;60.53;60.78;61.05;61.33;61.63;61.91;62.17;62.43;62.68;62.94;63.21;63.5;63.89;64.38;64.94;65.55;66.23;67.14;68.01;68.88;69.8;70.77;71.64;72.47;72.9;73.47;73.79;73.98;74.15;74.42;74.8;75.31;76.01;76.83;77.7;78.39;79.18;79.54;79.69;79.71;79.7;79.7;79.74;79.84;80.02;80.3;80.67;81.04;81.43;81.76;82.02;82.21;82.35;82.49;82.62;82.78;83.0;82.22;79.49
Qatar;58.93;59.63;60.44;61.17;62.11;62.85;63.62;64.53;65.24;65.89;66.53;67.13;67.61;68.05;68.55;69.01;69.39;69.84;70.19;70.58;70.8;71.3;71.5;71.71;72.19;72.38;72.59;73.02;73.16;73.59;73.98;73.97;74.12;74.24;74.35;74.25;74.69;74.79;74.81;74.8;74.83;75.26;75.41;75.56;75.96;76.06;76.57;77.02;77.43;77.88;78.42;78.89;79.23;79.54;79.77;80.06;80.43;80.72;80.9;80.99;79.1;79.27
Romania;65.86;65.88;65.26;67.07;67.85;67.71;68.9;67.52;67.56;66.69;67.48;68.5;68.47;69.01;69.5;69.61;69.7;69.74;69.48;69.15;69.09;69.37;69.53;69.73;69.66;69.71;69.5;69.23;69.39;69.53;69.74;69.78;69.78;69.56;69.51;69.46;69.1;69.0;69.81;70.51;71.16;71.16;71.01;71.31;71.56;71.91;72.16;72.57;72.57;73.31;73.46;74.41;74.41;75.06;74.91;74.91;75.21;75.31;75.36;75.61;74.25;72.96
Russian Federation;67.47;67.63;67.3;67.76;68.37;67.89;67.9;67.59;67.49;66.88;68.13;68.38;68.31;68.29;68.32;67.72;67.49;67.38;67.39;67.11;67.03;67.26;67.81;67.65;67.2;67.86;69.39;69.44;69.46;69.17;68.89;68.47;66.87;64.94;64.47;64.69;65.85;66.7;67.03;65.98;65.48;65.38;65.13;65.03;65.47;65.53;66.73;67.59;67.95;68.68;68.84;69.68;70.07;70.58;70.74;71.18;71.65;72.45;72.66;73.08;71.34;69.36
Rwanda;47.18;47.66;47.99;44.07;48.24;48.28;48.17;48.09;47.74;47.4;47.15;46.83;46.5;45.91;45.3;44.7;44.65;44.8;45.48;46.66;47.96;49.42;50.69;51.32;51.64;51.73;51.64;51.48;50.98;50.22;48.43;46.52;44.32;42.17;14.1;39.97;40.7;40.64;41.68;44.62;47.13;49.02;51.03;53.37;55.49;57.32;58.71;59.97;61.13;61.96;62.54;63.26;64.01;64.43;64.94;65.3;65.74;65.94;66.25;66.44;66.77;66.07
South Asia;45.1;45.42;45.8;46.11;46.51;45.58;46.15;46.56;48.08;48.48;48.28;46.71;49.63;50.09;50.59;51.19;51.71;52.2;52.71;53.21;53.76;54.32;54.83;55.37;55.84;56.29;56.82;57.23;57.67;58.06;58.56;58.74;59.38;59.71;60.1;60.46;60.83;61.34;61.93;62.56;62.89;63.3;63.77;64.2;64.54;64.92;65.37;65.63;65.96;66.25;66.75;67.14;67.63;68.12;68.64;69.14;69.61;69.98;70.25;70.47;69.75;67.58
Saudi Arabia;45.94;46.48;47.1;47.61;48.15;48.78;49.34;50.05;50.91;51.82;52.72;53.77;54.79;55.93;57.02;58.07;58.97;59.95;60.87;61.7;62.7;63.47;64.3;65.05;65.69;66.33;66.92;67.4;67.97;68.49;68.95;69.37;69.92;70.3;70.7;71.01;71.27;71.48;71.88;72.14;72.47;72.97;73.34;73.63;74.15;74.59;74.81;75.05;75.27;75.43;75.76;76.23;76.46;76.63;76.76;76.92;77.06;77.16;77.21;77.3;76.24;76.94
Sudan;46.6;47.02;47.35;46.19;49.46;46.94;44.63;45.06;45.46;45.15;45.53;49.65;49.92;53.07;53.23;53.38;53.46;53.65;53.44;53.56;53.93;54.08;54.32;47.45;46.22;46.46;51.48;43.44;35.92;49.34;49.73;50.21;45.89;46.58;56.64;51.99;52.28;52.83;48.81;57.02;58.32;58.56;58.98;58.2;56.77;57.28;60.28;61.26;61.21;62.64;63.02;63.25;63.79;63.68;64.27;64.66;64.78;65.44;65.68;65.88;65.61;65.27
Senegal;39.88;39.92;39.86;39.88;39.88;39.84;39.96;40.08;40.27;40.46;40.83;41.22;41.75;42.56;43.21;44.1;45.1;46.15;47.2;48.2;49.14;49.85;50.56;51.15;52.02;52.76;53.93;54.82;55.77;56.44;56.95;57.14;57.11;57.0;56.95;56.84;56.67;56.59;56.42;56.61;56.94;57.56;58.23;59.12;60.03;60.91;61.75;62.54;63.24;63.92;64.61;65.26;65.46;66.07;66.45;66.88;67.5;67.75;68.1;68.53;68.01;67.09
Singapore;64.69;65.52;66.29;66.71;67.07;67.51;67.8;68.12;68.29;68.69;68.91;69.19;69.35;69.74;70.2;70.78;71.17;71.37;71.55;71.64;72.19;72.59;72.69;73.04;73.29;73.89;74.25;74.55;74.7;74.95;75.3;75.65;75.95;76.05;76.2;76.3;76.6;76.9;77.3;77.55;77.95;78.25;78.55;79.04;79.49;79.99;80.14;80.44;80.79;81.24;81.54;81.74;82.0;82.25;82.5;82.74;82.85;83.1;83.3;83.6;84.47;83.44
Solomon Islands;47.74;48.43;49.25;50.05;50.86;51.66;52.46;53.21;54.24;55.16;56.07;56.98;57.8;58.59;59.36;58.08;60.75;60.86;61.91;62.39;62.8;63.16;63.51;63.76;64.0;64.29;63.76;64.76;64.97;65.19;65.39;65.58;65.77;65.96;66.19;66.38;66.59;66.74;66.92;67.07;67.22;67.36;67.52;67.64;67.8;67.94;68.09;67.99;68.4;68.47;68.73;68.91;69.08;69.19;69.23;69.58;69.8;69.99;70.17;70.38;70.2;70.35
Sierra Leone;33.96;34.41;34.88;35.34;35.87;36.36;36.87;37.43;37.85;38.25;38.79;39.27;39.77;40.22;40.69;41.17;41.63;42.06;42.46;42.87;43.13;43.36;43.57;43.8;43.92;43.89;43.79;44.05;44.05;44.02;44.06;43.51;43.62;43.59;42.92;42.72;43.68;43.72;42.79;42.07;45.05;45.66;46.36;46.96;47.58;48.24;49.32;50.37;51.53;52.63;53.69;54.62;55.45;56.31;56.39;57.19;58.4;58.65;59.8;60.26;59.76;60.06
El Salvador;48.08;48.85;49.6;50.25;50.73;50.9;50.96;50.85;50.77;50.9;51.41;52.24;53.02;54.05;54.67;54.88;54.63;54.02;53.24;52.2;47.98;48.16;51.1;52.2;54.85;57.02;57.74;59.67;61.48;59.69;62.55;63.86;64.66;65.23;65.84;66.33;67.08;67.89;68.48;69.38;69.86;69.6;70.23;70.14;70.34;70.44;70.77;71.11;71.42;71.58;71.85;71.86;71.83;71.77;71.75;71.81;72.03;72.31;72.56;72.56;71.06;70.75
San Marino;;;;;;;;;;;;;;;;;;;;;;;;;;;;;;;;;;;;;;;;;;;;;;;;;;;;;;;;;;;;;;
Somalia;43.45;43.56;43.88;44.1;44.3;44.54;44.76;44.97;45.17;45.37;45.56;45.75;45.94;46.13;43.82;44.18;44.57;46.92;46.95;47.3;47.49;47.67;47.83;48.17;48.46;48.28;48.37;48.9;43.84;46.72;47.1;26.57;27.31;50.65;50.33;50.6;50.45;50.2;50.66;50.52;50.66;50.74;50.73;50.61;50.54;50.66;50.6;50.52;51.12;51.85;50.56;51.3;53.16;53.84;54.28;54.86;55.04;55.65;56.38;57.08;55.97;55.28
Serbia;63.93;64.06;64.48;64.89;64.79;65.09;65.78;65.42;65.63;65.64;66.1;66.53;67.11;67.53;68.01;68.18;68.46;68.75;68.67;68.6;68.79;68.73;68.67;68.28;68.38;68.78;68.9;69.09;69.52;69.77;70.23;70.62;70.8;70.97;71.25;71.69;71.49;71.58;71.19;69.72;71.58;72.23;72.29;72.44;72.68;72.83;73.39;73.63;73.89;73.99;74.34;74.54;74.84;75.19;75.34;75.29;75.69;75.54;75.89;75.94;74.48;72.73
Sub-Saharan Africa (excluding high income);41.42;41.74;42.2;42.44;42.89;43.03;42.98;43.23;43.67;43.91;44.37;44.87;44.99;45.71;45.92;46.31;46.98;47.45;47.75;48.21;48.57;48.93;49.17;48.33;48.36;48.61;49.0;49.34;49.02;49.88;49.82;49.7;49.47;49.69;50.0;50.11;50.05;50.21;49.93;50.64;51.26;51.53;51.89;52.37;52.85;53.46;54.21;54.85;55.45;56.22;56.85;57.56;58.14;58.67;59.14;59.56;60.07;60.48;60.86;61.24;60.85;60.24
South Sudan;28.66;28.84;29.12;28.83;33.15;29.29;26.08;26.41;26.71;26.09;26.4;31.58;31.91;36.48;36.51;36.75;36.84;37.33;37.65;37.92;38.42;38.78;39.11;35.49;32.67;33.15;33.63;21.91;12.41;29.68;29.93;30.15;22.72;22.7;44.38;30.95;31.3;32.24;18.39;43.22;46.03;46.88;47.49;50.25;50.92;51.55;52.02;52.86;53.54;53.89;54.81;54.94;55.87;55.75;54.97;55.57;55.54;55.31;55.95;55.91;55.48;54.98
Sub-Saharan Africa;41.42;41.74;42.2;42.44;42.89;43.03;42.98;43.23;43.67;43.91;44.37;44.87;44.99;45.71;45.92;46.31;46.98;47.45;47.75;48.21;48.57;48.94;49.18;48.33;48.36;48.61;49.01;49.34;49.02;49.88;49.82;49.7;49.47;49.7;50.0;50.11;50.05;50.22;49.93;50.64;51.26;51.54;51.89;52.37;52.85;53.46;54.21;54.85;55.45;56.22;56.85;57.56;58.14;58.67;59.14;59.56;60.07;60.48;60.86;61.24;60.85;60.24
Small states;55.05;55.41;55.85;56.06;56.54;57.07;57.39;57.68;57.9;57.84;58.23;58.64;59.07;59.42;59.26;59.53;59.76;60.17;60.37;60.71;61.21;61.51;61.86;62.1;62.47;62.75;63.04;63.37;63.54;64.02;64.05;64.02;63.92;63.9;63.64;63.54;63.42;63.1;62.82;62.52;62.91;62.89;62.94;63.01;63.3;63.59;64.05;64.59;65.11;65.67;66.26;66.7;67.16;67.6;67.95;68.35;68.81;69.18;69.27;69.47;69.08;67.82
Sao Tome and Principe;43.04;44.36;45.86;46.09;47.16;49.02;51.56;54.07;54.92;55.08;56.52;56.84;57.35;57.94;58.04;58.26;58.58;58.83;59.33;59.71;59.74;59.49;59.56;59.43;59.49;59.81;57.53;61.02;61.33;60.16;61.47;61.43;61.28;61.14;61.07;61.06;61.1;61.18;61.19;61.39;61.66;62.03;62.6;63.17;63.73;63.71;64.4;64.72;65.08;65.12;65.25;64.9;65.75;66.33;66.84;67.25;67.49;68.27;68.36;68.52;67.78;67.59
Suriname;57.1;57.77;58.47;59.04;59.62;59.48;59.69;59.91;60.06;60.22;60.4;60.39;60.51;60.7;60.84;61.05;61.25;61.45;61.68;61.88;62.03;62.25;62.45;62.59;62.87;63.06;62.96;63.19;63.44;64.01;64.23;64.45;64.65;64.98;65.27;65.34;65.67;65.7;65.59;65.44;65.51;65.48;65.53;65.6;66.42;67.0;67.57;68.2;68.82;69.5;69.89;69.91;69.76;69.68;69.78;70.8;71.59;72.42;72.55;72.24;72.56;70.27
Slovak Republic;70.27;70.72;70.27;70.63;71.02;70.24;70.38;70.93;70.44;69.8;69.71;69.86;70.3;70.02;70.18;70.31;70.46;70.42;70.43;70.74;70.41;70.63;70.69;70.48;70.75;70.73;71.02;71.09;71.21;71.03;70.93;70.88;71.8;72.45;72.3;72.25;72.65;72.7;72.55;72.9;73.05;73.4;73.6;73.6;73.96;73.9;74.2;74.21;74.7;74.91;75.11;75.96;76.11;76.41;76.81;76.56;77.17;77.17;77.27;77.67;76.87;74.71
Slovenia;68.98;68.98;68.98;68.62;68.66;68.37;69.01;69.37;68.92;68.36;68.61;68.83;69.06;69.4;70.16;70.36;70.31;70.56;70.7;70.85;71.1;71.2;71.05;70.54;70.9;71.35;71.8;72.0;72.45;72.7;73.2;73.35;73.3;73.25;73.4;73.96;74.46;74.71;74.81;75.01;75.41;75.76;76.01;76.86;77.21;77.61;78.09;78.56;78.77;78.97;79.42;79.97;80.12;80.32;81.08;80.78;81.18;81.03;81.38;81.53;80.53;80.88
Sweden;73.01;73.47;73.35;73.56;73.73;73.86;74.08;74.12;73.97;74.08;74.65;74.62;74.72;74.87;74.98;74.98;74.97;75.38;75.47;75.52;75.74;76.03;76.33;76.55;76.82;76.67;76.93;77.09;76.98;77.73;77.54;77.67;78.0;78.06;78.65;78.74;78.96;79.2;79.34;79.44;79.64;79.8;79.85;80.1;80.5;80.55;80.75;80.9;81.1;81.35;81.45;81.8;81.7;81.96;82.25;82.2;82.31;82.41;82.56;83.11;82.36;83.16
Eswatini;45.81;46.19;46.61;46.85;47.34;47.91;48.56;49.13;49.75;50.32;50.8;51.31;51.82;52.47;53.09;53.82;54.66;55.6;56.48;57.27;57.85;58.39;59.02;58.17;60.0;60.78;61.44;62.04;62.67;62.93;63.07;62.69;61.73;60.23;58.27;56.15;53.87;52.04;50.33;48.73;47.26;45.98;44.49;43.35;42.54;42.12;43.12;43.64;44.17;44.64;46.62;48.2;49.84;51.49;53.05;55.02;56.66;57.9;59.41;60.55;59.69;57.07
Sint Maarten (Dutch part);66.25;65.73;66.81;68.57;68.6;66.4;68.33;69.09;68.8;70.16;71.91;71.44;71.74;72.1;72.31;72.58;72.71;72.27;71.96;71.55;70.92;71.23;72.43;72.58;72.42;72.28;72.2;72.2;72.87;72.48;72.32;71.95;72.51;72.29;72.34;72.41;72.86;73.76;73.48;75.03;74.51;74.52;74.86;74.15;74.24;75.54;75.93;75.42;75.74;75.44;75.13;74.68;74.61;74.92;76.77;76.95;76.6;75.03;75.13;75.44;74.58;73.97
Seychelles;;;;;;;;;;;;;;;;;;;;;69.6;70.19;69.32;70.38;69.55;69.7;68.66;68.24;68.7;67.97;68.11;70.71;71.21;69.47;70.73;72.48;71.56;71.21;71.75;72.67;72.78;73.25;71.09;71.03;72.66;72.13;72.22;73.14;73.16;73.08;73.2;72.72;74.28;73.12;73.23;74.3;74.31;74.3;72.84;74.05;77.24;73.4
Syrian Arab Republic;53.55;54.44;55.09;55.78;56.5;57.11;57.6;58.09;59.06;59.88;60.53;61.37;61.9;60.69;63.12;63.54;63.92;63.76;65.81;66.14;66.35;64.37;61.12;67.83;68.92;68.76;69.21;69.3;69.67;69.76;69.82;70.04;70.26;70.19;70.14;70.42;70.35;70.28;70.2;70.42;70.76;71.64;71.94;72.41;72.47;72.77;73.35;73.71;73.55;73.85;73.88;73.31;66.77;63.83;63.15;65.12;65.99;68.48;70.14;71.82;72.14;72.06
Turks and Caicos Islands;55.03;55.31;56.27;58.11;60.16;61.1;60.76;59.76;58.47;57.2;56.31;56.28;57.39;60.17;64.5;67.98;69.86;70.58;70.23;69.37;68.7;68.43;68.39;68.63;68.87;69.2;69.59;70.17;70.41;69.94;69.0;68.89;69.64;69.62;68.45;68.31;71.29;72.36;73.96;74.01;73.58;74.13;75.54;75.41;76.79;77.15;76.83;75.91;76.63;77.16;76.24;76.19;77.04;77.02;77.14;76.91;76.86;76.7;76.44;75.33;75.0;74.59
Chad;38.37;38.63;38.84;39.07;39.33;39.12;39.15;39.48;39.9;40.27;40.6;40.19;41.4;41.78;41.78;41.87;42.04;42.26;42.5;42.81;43.06;43.31;43.73;44.18;44.52;45.05;45.21;42.8;45.78;45.88;44.69;45.94;46.1;46.32;46.45;46.71;47.01;47.22;47.22;47.37;47.44;47.85;47.95;48.21;48.23;48.31;48.29;48.75;49.02;49.2;49.58;50.01;50.54;50.78;51.2;51.59;52.08;52.31;52.83;53.26;52.78;52.52
East Asia & Pacific (IDA & IBRD countries);37.54;43.21;51.08;51.58;52.31;52.23;53.41;54.28;54.76;55.47;56.18;57.03;57.63;58.59;59.24;60.0;60.84;61.6;62.23;62.85;63.4;63.9;64.39;64.81;65.2;65.58;65.92;66.27;66.55;66.88;67.1;67.32;67.84;68.3;68.59;69.02;69.28;69.67;70.1;70.32;70.69;71.29;71.64;71.98;72.06;72.6;72.96;73.2;73.15;73.7;73.92;74.19;74.43;74.67;74.93;75.15;75.35;75.42;75.84;76.04;75.97;75.57
Europe & Central Asia (IDA & IBRD countries);64.85;65.08;64.92;65.48;65.97;65.9;66.07;65.87;65.99;65.65;66.25;66.5;66.67;66.81;66.97;66.78;66.78;66.78;66.84;66.8;66.93;67.25;67.58;67.62;67.51;67.86;68.75;68.9;68.93;69.02;68.92;68.64;67.77;66.98;66.97;67.03;67.59;68.08;68.51;68.19;68.38;68.56;68.65;68.77;69.11;69.2;69.79;70.26;70.56;71.1;71.42;71.89;72.26;72.7;72.91;73.13;73.45;73.88;74.04;74.34;72.7;71.87
Togo;42.69;42.88;43.15;43.37;43.7;43.97;44.37;44.82;45.28;45.67;46.12;46.59;47.09;47.6;48.1;48.73;49.33;49.76;50.23;50.77;51.23;51.76;52.26;52.63;53.09;53.43;53.71;54.05;54.35;54.39;54.37;54.27;54.3;54.2;54.04;54.04;54.1;54.19;54.2;54.54;54.74;54.86;55.31;55.64;55.57;55.96;56.22;56.51;56.7;57.01;57.3;57.92;58.07;58.68;58.85;59.4;59.55;60.15;60.24;60.9;61.03;61.62
Thailand;51.03;52.36;52.79;53.24;53.98;54.71;55.25;55.75;56.21;56.93;57.71;58.52;59.05;59.84;60.55;61.27;61.98;62.35;62.74;63.21;64.01;64.59;65.16;65.79;66.73;67.59;68.42;69.45;69.69;70.12;70.44;70.72;70.89;71.07;71.23;70.95;71.65;72.5;72.86;72.54;72.32;72.61;72.93;73.16;73.08;73.82;74.94;75.19;75.49;75.84;76.13;76.42;76.77;77.08;77.42;77.72;78.05;78.39;78.66;78.97;79.27;78.72
Tajikistan;53.63;54.0;54.26;54.54;54.85;55.09;55.35;55.67;56.06;56.48;56.81;57.23;57.64;57.94;58.45;58.88;59.17;59.38;59.53;59.6;59.51;59.46;59.68;59.81;60.09;60.42;60.85;61.25;61.79;61.95;61.88;61.38;55.07;52.87;57.48;59.34;59.13;60.35;61.52;62.62;63.26;64.06;64.85;65.55;66.03;66.51;67.01;67.22;67.69;68.04;67.74;68.15;68.48;68.89;69.07;69.31;69.55;69.91;70.35;70.87;67.99;71.59
Turkmenistan;53.47;53.94;54.33;54.78;55.18;55.52;55.92;56.39;56.69;57.17;57.66;58.04;58.42;58.83;59.26;59.52;59.67;59.88;60.27;60.6;61.02;61.45;61.6;61.85;62.26;62.48;62.98;63.35;63.68;63.79;63.94;64.03;63.88;63.8;63.76;63.68;63.6;63.65;64.11;64.52;65.03;65.16;65.39;65.75;66.08;66.07;66.5;66.89;67.41;67.96;68.29;68.57;68.72;68.74;68.61;68.78;68.78;68.92;68.8;69.0;68.69;69.26
Latin America & the Caribbean (IDA & IBRD countries);54.66;55.22;55.67;56.11;56.61;57.02;57.44;57.83;58.21;58.57;58.63;59.46;59.83;60.38;60.8;61.34;61.58;62.15;62.53;62.89;63.33;63.83;64.17;64.74;65.17;65.5;66.11;66.54;66.96;67.32;67.61;67.98;68.32;68.65;69.04;69.35;69.73;70.1;70.35;70.76;71.08;71.34;71.69;71.88;72.21;72.59;72.8;72.95;73.17;73.38;73.27;73.76;74.0;74.25;74.46;74.52;74.49;74.66;74.78;74.97;72.93;72.07
Timor-Leste;32.2;32.57;32.95;33.26;33.6;34.36;35.0;35.73;36.23;36.71;37.17;37.72;38.32;38.99;36.88;24.83;25.96;24.43;21.84;22.53;28.45;29.57;30.82;31.64;33.75;33.8;34.34;35.64;35.75;44.55;44.95;44.98;46.28;47.25;48.25;48.02;48.82;49.52;49.12;45.7;58.57;59.36;60.15;60.87;61.63;62.33;63.07;63.72;64.33;64.85;65.3;65.7;66.08;66.44;66.79;67.14;67.45;67.75;68.02;68.27;68.47;67.74
Middle East & North Africa (IDA & IBRD countries);44.62;45.34;45.61;46.77;47.44;48.05;48.56;49.03;49.45;50.06;50.63;51.3;51.86;52.43;53.24;53.85;54.28;55.6;56.14;57.36;57.72;57.57;58.05;59.63;60.94;61.73;62.31;63.02;63.39;64.33;64.32;65.56;66.14;66.45;66.62;66.94;67.33;67.61;67.82;68.26;68.62;68.96;69.31;69.12;69.61;69.88;70.07;70.41;70.66;71.0;71.26;71.5;71.35;71.38;71.69;71.96;72.23;72.74;72.96;73.12;72.15;71.88
Tonga;58.23;58.59;59.09;59.55;60.05;60.58;61.13;61.66;62.19;62.74;63.23;63.66;63.98;64.24;64.59;64.84;65.13;65.3;65.58;65.78;65.96;66.13;66.07;66.37;66.48;66.63;66.75;66.88;67.03;67.16;67.29;67.52;67.69;67.86;68.01;68.17;68.32;68.49;68.64;68.81;68.98;69.13;69.33;69.5;69.67;69.77;69.89;70.05;70.16;70.01;70.32;70.38;70.44;70.5;70.54;70.61;70.66;70.71;70.78;70.87;70.93;70.99
South Asia (IDA & IBRD);45.1;45.42;45.8;46.11;46.51;45.58;46.15;46.56;48.08;48.48;48.28;46.71;49.63;50.09;50.59;51.19;51.71;52.2;52.71;53.21;53.76;54.32;54.83;55.37;55.84;56.29;56.82;57.23;57.67;58.06;58.56;58.74;59.38;59.71;60.1;60.46;60.83;61.34;61.93;62.56;62.89;63.3;63.77;64.2;64.54;64.92;65.37;65.63;65.96;66.25;66.75;67.14;67.63;68.12;68.64;69.14;69.61;69.98;70.25;70.47;69.75;67.58
Sub-Saharan Africa (IDA & IBRD countries);41.42;41.74;42.2;42.44;42.89;43.03;42.98;43.23;43.67;43.91;44.37;44.87;44.99;45.71;45.92;46.31;46.98;47.45;47.75;48.21;48.57;48.94;49.18;48.33;48.36;48.61;49.01;49.34;49.02;49.88;49.82;49.7;49.47;49.7;50.0;50.11;50.05;50.22;49.93;50.64;51.26;51.54;51.89;52.37;52.85;53.46;54.21;54.85;55.45;56.22;56.85;57.56;58.14;58.67;59.14;59.56;60.07;60.48;60.86;61.24;60.85;60.24
Trinidad and Tobago;63.03;62.87;63.43;63.82;63.84;64.15;64.38;64.8;64.67;64.69;65.06;65.28;64.95;65.56;66.85;66.79;66.27;66.64;67.44;67.77;67.57;67.65;67.65;67.94;67.59;67.54;68.28;68.28;68.42;68.44;68.27;68.86;68.39;68.81;68.51;69.17;69.01;68.72;69.16;68.38;69.1;69.65;70.49;69.73;71.08;71.31;71.26;71.65;71.47;73.13;72.72;73.28;73.72;73.96;74.22;74.5;74.28;74.23;73.8;74.23;74.41;72.97
Tunisia;43.94;44.15;45.51;46.5;47.37;48.43;49.33;50.47;51.57;52.52;53.87;54.84;56.11;57.2;58.28;59.47;60.43;61.54;62.34;63.21;63.98;64.69;65.42;66.14;66.82;67.59;68.23;68.9;69.57;69.67;70.11;70.52;70.7;71.23;71.61;71.99;72.38;72.86;73.17;73.51;73.69;73.82;74.06;74.31;74.49;74.76;74.92;75.07;75.19;75.27;75.42;75.46;75.55;75.65;75.65;75.69;75.79;75.84;75.95;75.99;75.29;73.77
Turkiye;50.74;51.55;52.38;53.17;53.71;54.26;54.71;55.36;55.84;56.38;56.9;57.41;58.07;58.52;59.05;59.5;59.97;60.74;61.37;61.91;62.5;63.01;63.6;64.15;64.71;65.24;65.77;66.28;66.79;67.25;67.71;68.17;68.49;68.91;69.3;69.61;70.14;70.57;71.04;70.69;71.86;72.23;72.58;72.89;73.24;73.53;73.84;74.19;74.45;74.77;75.07;74.94;75.68;76.3;76.56;76.65;76.66;77.14;77.56;77.83;75.85;76.03
Tuvalu;46.35;47.27;48.19;49.08;49.98;50.89;51.77;52.56;53.39;54.2;54.94;55.71;54.36;57.2;57.95;58.53;59.16;59.67;60.13;60.51;60.83;61.12;61.33;61.46;61.54;61.59;61.55;61.44;61.43;61.53;61.66;61.91;60.49;62.65;62.92;63.1;63.21;63.36;63.42;63.43;63.5;63.54;63.58;63.63;63.69;63.84;63.93;63.93;63.95;63.95;63.98;63.97;63.96;64.01;64.03;64.06;64.11;64.15;64.21;64.28;64.38;64.55
Tanzania;42.94;43.1;43.28;43.49;43.75;44.03;44.38;44.76;45.37;45.97;46.45;46.92;47.32;47.98;48.31;48.72;49.24;49.84;50.32;50.91;51.2;51.47;51.53;51.54;51.55;51.56;51.67;51.73;51.84;51.74;51.48;51.31;50.99;50.87;50.8;50.79;50.74;50.62;50.91;51.75;52.36;53.16;53.86;54.9;55.6;56.3;56.91;57.52;58.09;58.89;60.1;61.05;62.03;62.96;63.87;64.65;65.39;66.0;66.53;66.99;66.41;66.2
Uganda;45.51;46.26;46.97;47.43;47.89;48.24;48.34;48.96;49.21;49.51;49.62;46.93;46.97;46.84;46.61;46.27;45.87;45.51;45.21;44.98;42.95;43.09;43.19;43.52;43.75;45.38;45.32;46.62;46.7;46.47;46.44;46.32;46.37;46.24;46.35;46.57;46.67;46.98;47.17;47.79;48.34;49.01;49.65;50.37;51.55;52.98;54.37;55.24;55.82;56.49;57.05;57.97;58.82;59.76;60.41;61.09;61.65;62.12;62.71;62.99;62.85;62.7
Ukraine;69.49;69.57;69.33;69.79;70.21;69.87;69.73;69.56;69.55;68.98;68.81;69.04;68.92;69.04;68.93;69.05;69.04;68.82;68.76;68.47;68.33;68.6;68.88;68.85;68.51;68.61;70.07;70.5;70.5;70.52;70.1;69.3;68.77;68.13;67.54;66.74;67.02;67.58;68.37;67.98;67.68;67.84;68.28;68.21;68.19;67.96;68.08;68.22;68.25;69.19;70.27;70.81;70.94;71.16;71.19;71.19;71.48;71.78;71.58;71.83;71.19;69.65
Upper middle income;43.65;48.0;53.82;54.35;54.99;54.95;55.87;56.52;57.02;57.47;58.15;58.92;59.55;60.26;60.84;61.36;61.96;62.54;63.06;63.54;64.0;64.46;64.92;65.34;65.69;66.09;66.58;66.9;67.12;67.39;67.58;67.77;68.07;68.3;68.56;68.92;69.24;69.62;70.0;70.14;70.47;70.95;71.22;71.47;71.62;72.08;72.47;72.75;72.94;73.36;73.61;73.91;74.22;74.52;74.78;74.99;75.18;75.35;75.73;75.95;75.14;74.69
Uruguay;67.77;67.89;67.99;68.08;68.18;68.29;68.43;68.56;68.7;68.81;68.9;68.97;68.93;69.1;69.19;69.33;69.52;69.75;70.0;70.28;70.58;70.9;71.22;71.54;71.84;72.12;72.38;72.61;72.82;73.0;73.16;73.31;73.44;73.58;73.73;73.9;74.09;74.3;74.53;74.77;75.03;75.28;75.54;75.78;76.01;76.19;76.36;76.5;76.62;76.74;76.86;76.98;77.11;77.24;77.37;77.48;77.57;77.62;77.61;77.51;78.43;75.44
United States;69.77;70.27;70.12;69.92;70.17;70.21;70.21;70.56;69.95;70.51;70.81;71.11;71.16;71.36;71.96;72.6;72.86;73.26;73.36;73.8;73.61;74.01;74.36;74.46;74.56;74.56;74.61;74.77;74.77;75.02;75.21;75.37;75.62;75.42;75.62;75.62;76.03;76.43;76.58;76.58;76.64;76.84;76.94;77.04;77.49;77.49;77.69;77.99;78.04;78.39;78.54;78.64;78.74;78.74;78.84;78.69;78.54;78.54;78.64;78.79;76.98;76.33
Uzbekistan;57.47;57.8;58.07;58.44;58.85;59.2;59.46;59.8;60.22;60.72;60.93;61.33;61.63;61.68;62.01;62.18;62.51;62.33;62.56;62.69;63.04;63.3;63.56;63.8;64.0;64.29;64.72;64.98;65.15;65.28;65.35;65.13;65.11;64.83;64.69;64.65;64.71;64.76;65.03;65.38;65.72;66.09;66.6;67.04;67.4;67.49;67.89;68.29;68.77;68.87;69.23;69.65;69.87;69.99;70.23;70.47;70.75;71.01;71.15;71.34;70.33;70.86
St. Vincent and the Grenadines;56.44;57.93;59.48;61.06;62.67;64.26;65.65;66.67;67.53;68.18;68.57;68.73;68.5;68.58;69.08;69.37;69.39;69.68;69.59;69.75;70.18;70.38;70.43;70.96;71.19;71.52;71.64;72.05;72.35;72.73;72.38;72.94;72.62;72.46;71.92;72.1;71.27;70.92;71.1;71.3;71.38;71.94;72.17;72.35;73.03;73.52;74.02;74.7;75.05;75.08;74.72;74.6;74.15;73.8;74.47;74.41;74.28;74.31;74.13;72.83;72.13;69.63
Venezuela, RB;58.65;59.41;59.53;60.15;60.61;61.25;61.8;62.35;62.93;63.22;64.3;64.93;65.42;65.94;66.53;67.08;67.55;67.96;68.31;68.59;68.76;69.44;69.72;70.2;70.44;70.6;71.04;71.05;71.25;71.35;71.53;71.83;71.81;71.92;71.85;72.14;72.11;72.7;72.67;72.25;72.48;71.2;72.66;71.94;72.51;72.78;72.74;73.06;72.44;72.58;72.89;72.91;73.04;73.2;72.85;73.01;72.06;71.94;71.98;72.16;71.09;70.55
British Virgin Islands;59.56;60.22;61.6;63.53;64.65;65.24;65.33;65.08;65.02;65.47;66.61;67.09;67.14;67.81;68.03;67.83;68.07;68.16;67.64;67.46;67.72;68.37;69.87;70.94;72.1;73.4;73.72;73.53;73.73;74.03;73.93;72.87;73.32;74.0;73.63;74.24;74.62;74.4;74.91;74.41;73.97;73.85;73.89;73.99;74.25;74.72;74.88;75.04;75.01;75.26;75.43;75.49;75.53;75.57;75.61;75.67;75.72;74.78;75.83;75.86;75.85;74.49
Virgin Islands (U.S.);63.75;63.78;63.66;63.42;64.62;65.27;64.93;65.22;65.64;65.76;65.84;66.18;66.39;67.07;67.28;67.47;67.66;67.88;68.05;68.22;68.53;68.7;69.11;69.32;69.53;69.74;70.02;70.34;70.76;71.0;71.25;71.45;71.65;71.82;72.0;72.01;72.39;72.2;72.33;72.2;76.62;77.62;77.52;77.52;77.77;77.42;78.32;76.86;77.16;77.51;77.87;78.32;78.52;78.72;78.87;79.02;79.17;79.37;79.52;79.67;79.82;80.07
Viet Nam;59.66;60.26;60.13;58.7;59.32;58.69;58.47;58.16;54.07;56.15;56.22;56.75;53.1;56.79;55.83;62.88;64.78;65.05;65.53;66.0;66.19;66.64;67.11;67.15;67.31;67.6;68.01;68.39;68.47;69.08;69.21;69.85;69.96;70.62;70.76;71.38;71.51;71.8;72.11;72.32;72.46;72.65;72.8;72.98;73.14;73.27;73.32;73.44;73.41;73.5;73.51;73.69;73.7;73.78;73.86;73.88;73.94;73.96;73.98;74.09;75.38;73.62
Vanuatu;49.63;50.15;50.68;51.23;51.71;52.29;52.86;53.44;54.04;54.59;55.19;55.77;56.27;56.95;57.52;58.09;58.66;59.22;59.85;60.45;61.08;61.82;62.54;63.24;63.91;64.23;65.05;64.58;66.04;66.13;66.67;67.2;67.35;67.53;67.74;67.89;68.63;68.71;68.76;68.24;68.97;69.04;69.2;69.28;69.31;69.39;69.46;69.54;69.6;69.65;69.62;69.55;69.5;69.53;69.47;69.51;69.65;69.71;69.8;69.88;70.3;70.45
World;50.89;52.85;55.21;55.54;56.03;55.86;56.39;56.79;57.23;57.54;57.84;57.97;58.79;59.29;59.71;60.17;60.63;61.12;61.48;61.9;62.23;62.61;62.97;63.22;63.52;63.81;64.21;64.51;64.68;65.02;65.19;65.34;65.6;65.78;66.03;66.22;66.48;66.82;67.1;67.39;67.7;68.05;68.33;68.61;68.86;69.2;69.57;69.84;70.01;70.4;70.67;71.01;71.28;71.58;71.88;72.09;72.34;72.54;72.78;72.98;72.24;71.33
Samoa;54.69;55.31;55.89;56.46;53.6;57.54;57.92;58.55;59.08;59.64;60.18;60.7;61.23;61.75;62.25;62.76;63.21;63.64;64.0;64.39;64.75;65.09;65.42;65.74;66.05;66.35;66.62;66.88;67.19;67.47;67.66;67.88;68.39;68.7;68.98;69.3;69.59;69.88;70.17;70.46;70.75;71.02;71.28;71.5;71.7;71.75;72.02;72.1;72.16;70.07;72.25;72.26;72.17;72.39;72.46;72.52;72.54;72.59;72.64;72.16;72.77;72.77
Kosovo;61.48;61.84;62.13;62.44;62.73;63.04;63.32;63.65;63.94;64.27;64.58;64.87;65.19;65.52;65.83;66.13;66.44;66.74;67.05;67.39;67.69;67.99;68.3;68.64;69.0;69.27;69.59;69.93;70.28;70.6;70.92;71.25;71.49;71.82;72.12;72.44;72.76;73.07;71.31;69.42;74.07;74.39;74.68;74.97;75.3;75.62;75.64;76.52;77.39;77.67;77.63;77.74;78.28;78.59;78.88;78.92;78.98;78.78;78.7;79.02;76.57;76.81
Yemen, Rep.;33.68;34.1;33.62;33.25;34.74;35.37;36.1;36.87;37.8;39.47;40.5;41.54;42.46;43.35;44.33;45.24;46.24;47.29;48.39;49.39;50.65;51.71;52.41;53.92;54.93;55.69;53.82;57.1;57.76;58.22;58.7;59.05;59.43;59.86;59.71;60.45;60.57;61.12;61.38;61.98;62.59;63.22;63.91;64.54;65.01;65.54;65.99;66.56;66.96;67.2;67.28;67.42;67.34;67.55;67.38;65.87;66.06;65.96;64.58;65.09;64.65;63.75
South Africa;52.67;53.09;53.38;53.63;53.91;54.19;54.39;54.63;54.88;55.19;55.58;55.95;56.27;56.72;57.12;57.51;58.01;58.49;58.98;59.4;59.81;60.36;60.93;61.47;61.91;62.38;62.91;63.04;63.34;63.31;63.38;63.27;63.34;63.05;62.61;62.26;61.46;60.8;60.0;59.24;58.47;57.26;55.67;54.33;54.04;53.98;54.28;54.99;56.02;57.45;58.9;60.65;61.85;62.53;63.38;63.95;64.75;65.4;65.67;66.17;65.25;62.34
Zambia;49.04;49.45;49.79;50.13;49.85;50.56;50.68;50.8;50.86;51.15;51.49;52.02;52.63;53.3;53.87;54.24;54.6;54.71;54.61;54.44;54.14;54.05;53.86;53.39;52.76;51.9;51.06;50.33;49.53;48.7;47.93;47.1;46.51;46.21;45.85;45.55;45.23;44.95;44.7;44.66;45.23;46.02;46.98;48.28;49.49;50.66;51.8;52.74;53.95;55.3;56.8;57.77;58.87;59.88;60.7;61.21;61.79;62.12;62.34;62.79;62.38;61.22
Zimbabwe;53.23;53.62;54.07;54.55;54.99;55.46;55.89;56.19;56.45;56.71;57.03;57.2;57.4;57.37;57.49;57.55;56.94;56.28;54.59;55.04;58.67;59.33;59.88;60.25;61.05;61.62;62.02;61.77;61.32;60.4;59.43;58.09;56.44;54.43;52.59;50.53;48.95;47.99;46.82;45.21;44.69;41.96;44.56;43.39;44.5;44.77;45.36;45.61;46.72;48.06;50.65;53.35;55.63;57.46;58.85;59.59;60.31;60.71;61.41;61.29;61.12;59.25
